benchmark,dimension,seed,true_eval_num,strategy_before,strategy_used,strategy_after,candidate_pred,true_fitness,current_best_after,improved,rejected_by_niche,niche_min_distance,niche_threshold,pred_mq,pred_tps,pred_gaussian
Ellipsoid,10,42,21,1,LCB-GPR,2,-152682.99554969618,1154.6233001178252,239.24814131277813,False,False,,0.0031622776601683794,,,
Ellipsoid,10,42,22,2,Global-RBF,3,-1869.7153745429064,1221.164080124657,239.24814131277813,False,False,14.592539156941312,0.0031622776601683794,350.1067440746135,-1869.7153745429073,331.9270245130715
Ellipsoid,10,42,23,3,Local-RBF,1,-1661.855751464041,1234.4836986868324,239.24814131277813,False,False,13.197730188733523,0.0031622776601683794,223.53939996422548,-1661.855751464041,259.09244155171547
Ellipsoid,10,42,24,1,LCB-GPR,2,-436212.7722920293,1052.1397666880985,239.24814131277813,False,False,,0.0031622776601683794,,,
Ellipsoid,10,42,25,2,Global-RBF,3,-570.0888464918431,290.79948035374537,239.24814131277813,False,False,9.503041174985023,0.0031622776601683794,308.8917774545673,-570.0888464918431,634.3778013223863
Ellipsoid,10,42,26,3,Local-RBF,1,-1629.9813672710238,1022.9614622766561,239.24814131277813,False,False,2.9487811109973,0.0031622776601683794,224.01615092531935,-1629.9813672710238,259.09244155171547
Ellipsoid,10,42,27,1,LCB-GPR,2,-427852.9581940405,1044.8186779410378,239.24814131277813,False,False,,0.0031622776601683794,,,
Ellipsoid,10,42,28,2,Global-RBF,2,-42.003624706641176,81.82753214773102,81.82753214773102,True,False,7.948980598010125,0.0031622776601683794,117.67641958781036,-42.00362470664106,415.9578359866366
Ellipsoid,10,42,29,2,Global-RBF,3,-64.87085311608075,275.3484746887698,81.82753214773102,False,False,5.884760839241749,0.0031622776601683794,154.89906202994956,210.88245740621915,-64.87085311608018
Ellipsoid,10,42,30,3,Local-RBF,1,-1922.1085818008364,1302.2826115407756,81.82753214773102,False,False,13.39686237001003,0.0031622776601683794,-0.42130119034214886,-1922.1085818008364,160.44994299470153
Ellipsoid,10,42,31,1,LCB-GPR,2,-557459.7644514394,1062.311832733978,81.82753214773102,False,False,,0.0031622776601683794,,,
Ellipsoid,10,42,32,2,Global-RBF,2,-1.9178189844412827,5.690033597993654,5.690033597993654,True,False,3.4214885982845202,0.0031622776601683794,-1.9178189844374174,73.80899183773545,48.98892089159415
Ellipsoid,10,42,33,2,Global-RBF,3,-7.549221303699483,36.258101553167776,5.690033597993654,False,False,2.2216024663388163,0.0031622776601683794,40.00855051587894,-7.549221303699483,49.204004594498656
Ellipsoid,10,42,34,3,Local-RBF,1,-1220.1187172101193,798.0963350561238,5.690033597993654,False,False,9.711827006966443,0.0031622776601683794,-24.631577406625475,-1220.118717210119,41.25855576515622
Ellipsoid,10,42,35,1,LCB-GPR,2,-502733.06604381715,1021.902861149373,5.690033597993654,False,False,,0.0031622776601683794,,,
Ellipsoid,10,42,36,2,Global-RBF,3,-5.84896416753827,37.43240874455632,5.690033597993654,False,False,1.6541679777396834,0.0031622776601683794,18.087003773869355,18.63488195324203,-5.848964167537815
Ellipsoid,10,42,37,3,Local-RBF,1,-1264.103726223249,635.1514795784854,5.690033597993654,False,False,7.974721718228653,0.0031622776601683794,-12.332618229695694,-1264.1037262232499,26.460181298572103
Ellipsoid,10,42,38,1,LCB-GPR,2,-443597.00397826266,1053.8053159152223,5.690033597993654,False,False,,0.0031622776601683794,,,
Ellipsoid,10,42,39,2,Global-RBF,3,-9.281178020520429,18.038184220261027,5.690033597993654,False,False,1.4875330580723118,0.0031622776601683794,4.3132044102901546,17.814606429424202,-9.281178020519746
Ellipsoid,10,42,40,3,Local-RBF,1,-655.4984512671311,519.0008683600324,5.690033597993654,False,False,9.757638081202883,0.0031622776601683794,-5.272422825548247,-655.4984512671309,19.99543979047411
Ellipsoid,10,42,41,1,LCB-GPR,2,-379247.38812546997,1017.5869275129892,5.690033597993654,False,False,,0.0031622776601683794,,,
Ellipsoid,10,42,42,2,Global-RBF,2,1.4895426611918765,3.1912787172651944,3.1912787172651944,True,False,0.9333768530240603,0.0031622776601683794,1.4895426611998346,7.619115209361212,4.033822141393898
Ellipsoid,10,42,43,2,Global-RBF,3,1.3824924991132548,5.0983370213804475,3.1912787172651944,False,False,0.6023673808386852,0.0031622776601683794,4.169678074432682,1.3824924991132548,7.50523919870659
Ellipsoid,10,42,44,3,Local-RBF,1,-27.29052724024144,55.77474689257889,3.1912787172651944,False,False,3.152748134437392,0.0031622776601683794,1.4917118118348043,-27.29052724024144,7.986561496381392
Ellipsoid,10,42,45,1,LCB-GPR,2,-356109.85508353973,961.2705403951345,3.1912787172651944,False,False,,0.0031622776601683794,,,
Ellipsoid,10,42,46,2,Global-RBF,3,-7.674893077797833,21.166689452851166,3.1912787172651944,False,False,1.3628770264556218,0.0031622776601683794,8.381705984965834,14.141970892579025,-7.674893077793854
Ellipsoid,10,42,46,3,Local-RBF,1,-27.29052724024144,,3.1912787172651944,False,True,0.0,0.0031622776601683794,1.4917118118348043,-27.29052724024144,7.986561496381392
Ellipsoid,10,42,47,1,LCB-GPR,2,-309656.14217189036,1019.7838971152416,3.1912787172651944,False,False,,0.0031622776601683794,,,
Ellipsoid,10,42,48,2,Global-RBF,3,0.02410256520306575,4.823450171781708,3.1912787172651944,False,False,0.6973494970841605,0.0031622776601683794,2.6904309795012296,3.2526495606190338,0.024102565210455396
Ellipsoid,10,42,49,3,Local-RBF,1,-298.9740563202341,425.12533047020946,3.1912787172651944,False,False,7.989610548578533,0.0031622776601683794,2.3178770208558017,-298.9740563202339,4.7007748771052515
Ellipsoid,10,42,50,1,LCB-GPR,2,-307153.2667308123,1056.7934976757606,3.1912787172651944,False,False,,0.0031622776601683794,,,
Ellipsoid,10,42,51,2,Global-RBF,3,0.6306269621327374,3.8551335530080957,3.1912787172651944,False,False,0.744489860778017,0.0031622776601683794,2.4712961196319156,3.98119999380674,0.6306269621327374
Ellipsoid,10,42,52,3,Local-RBF,1,-1524.188229368063,899.7893341730557,3.1912787172651944,False,False,9.474092096789358,0.0031622776601683794,2.371509995771945,-1524.1882293680662,4.5316466122858206
Ellipsoid,10,42,53,1,LCB-GPR,2,-298895.92521696846,1037.189044405918,3.1912787172651944,False,False,,0.0031622776601683794,,,
Ellipsoid,10,42,54,2,Global-RBF,2,1.6268750831656007,1.1463152814627433,1.1463152814627433,True,False,0.47816922512616267,0.0031622776601683794,1.6268750831649186,2.756262095679631,3.374226126751182
Ellipsoid,10,42,55,2,Global-RBF,3,-1.856621138463879,3.840048505365604,1.1463152814627433,False,False,0.7668599110064522,0.0031622776601683794,3.0848742756352294,5.214913481740609,-1.8566211384465987
Ellipsoid,10,42,55,3,Local-RBF,1,1.1463151759025942,,1.1463152814627433,False,True,0.0,0.0031622776601683794,1.1463151759025942,1.1463152804885275,1.1463153352637896
Ellipsoid,10,42,56,1,LCB-GPR,2,-284156.31108201365,1163.9066448089004,1.1463152814627433,False,False,,0.0031622776601683794,,,
Ellipsoid,10,42,57,2,Global-RBF,3,-0.7086287367745854,4.234011667516968,1.1463152814627433,False,False,0.5244984934128051,0.0031622776601683794,2.053902348269048,2.9996419567148678,-0.7086287367852719
Ellipsoid,10,42,58,3,Local-RBF,1,-1.3828375399296924,1.4563842266339255,1.1463152814627433,False,False,0.44993376034707583,0.0031622776601683794,0.9812417551798096,-1.3828375399296933,1.6471460147109183
Ellipsoid,10,42,59,1,LCB-GPR,2,-243057.4036363539,1046.1121312231091,1.1463152814627433,False,False,,0.0031622776601683794,,,
Ellipsoid,10,42,60,2,Global-RBF,2,-0.1569142488858688,1.0984183355139434,1.0984183355139434,True,False,0.45525703074550933,0.0031622776601683794,0.854576496337927,1.2459781319246304,-0.15691424887779704
Ellipsoid,10,42,61,2,Global-RBF,3,0.2702979117997302,1.5056270244781695,1.0984183355139434,False,False,0.3312223743847483,0.0031622776601683794,0.8246520955708547,1.4310525669415028,0.27029791177585594
Ellipsoid,10,42,62,3,Local-RBF,1,0.880841268475427,1.2804489144061493,1.0984183355139434,False,False,0.08928057170906076,0.0031622776601683794,1.151101450056682,0.880841268475427,1.1330780485986591
Ellipsoid,10,42,63,1,LCB-GPR,2,-248381.3120909611,1247.0769162949027,1.0984183355139434,False,False,,0.0031622776601683794,,,
Ellipsoid,10,42,64,2,Global-RBF,2,0.20616204421082784,1.062709015968646,1.062709015968646,True,False,0.3258561239984072,0.0031622776601683794,0.9166478475999611,0.20616204421082784,0.8019441111250671
Ellipsoid,10,42,65,2,Global-RBF,2,0.3008347993222742,0.40123978564811846,0.40123978564811846,True,False,0.35188153408305306,0.0031622776601683794,0.3008347995190661,0.8011453750143573,0.7741454245210662
Ellipsoid,10,42,66,2,Global-RBF,3,-0.07613247477695495,0.9919277397505494,0.40123978564811846,False,False,0.30799100006417623,0.0031622776601683794,0.9650699662950046,1.0807168222454493,-0.07613247476933793
Ellipsoid,10,42,66,3,Local-RBF,1,0.4012397573083005,,0.40123978564811846,False,True,0.0,0.0031622776601683794,0.4012397573083005,0.40123978529458126,0.4012397993342962
Ellipsoid,10,42,67,1,LCB-GPR,2,-266939.8676588895,1210.7744451348603,0.40123978564811846,False,False,,0.0031622776601683794,,,
Ellipsoid,10,42,68,2,Global-RBF,3,0.2765847514565394,1.1066968457087683,0.40123978564811846,False,False,0.2171853697019517,0.0031622776601683794,0.6583877621636702,0.9336333326785962,0.2765847514866664
Ellipsoid,10,42,68,3,Local-RBF,1,0.40123975092139963,,0.40123978564811846,False,True,0.0,0.0031622776601683794,0.40123975092139985,0.4012397853380073,0.4012398033189727
Ellipsoid,10,42,69,1,LCB-GPR,2,-208861.6418889463,1192.8775228822435,0.40123978564811846,False,False,,0.0031622776601683794,,,
Ellipsoid,10,42,70,2,Global-RBF,3,0.038815262726643596,0.5314267460247999,0.40123978564811846,False,False,0.2676466185893717,0.0031622776601683794,0.273363091476881,0.36703559286218024,0.038815262828052255
Ellipsoid,10,42,70,3,Local-RBF,1,0.40123973761494347,,0.40123978564811846,False,True,0.0,0.0031622776601683794,0.40123973761494347,0.4012397854125772,0.40123980608769017
Ellipsoid,10,42,71,1,LCB-GPR,2,-202050.45893378122,963.4467812811963,0.40123978564811846,False,False,,0.0031622776601683794,,,
Ellipsoid,10,42,72,2,Global-RBF,2,-0.13750871678155363,0.32775993867312575,0.32775993867312575,True,False,0.4164344597298627,0.0031622776601683794,-0.13750871662659847,1.3528349891903417,0.9944572180961586
Ellipsoid,10,42,73,2,Global-RBF,3,-52.58522605715211,129.64674812878343,0.32775993867312575,False,False,4.418691555632999,0.0031622776601683794,-52.5852260653013,117.33999242697075,171.70571397565243
Ellipsoid,10,42,73,3,Local-RBF,1,0.32775993869769715,,0.32775993867312575,False,True,0.0,0.0031622776601683794,0.3277599390241932,0.32775993869769743,0.32775994004633374
Ellipsoid,10,42,74,1,LCB-GPR,2,-189374.4375817793,1107.5695826165058,0.32775993867312575,False,False,,0.0031622776601683794,,,
Ellipsoid,10,42,75,2,Global-RBF,2,0.034769864099416736,0.27216680185880804,0.27216680185880804,True,False,0.2063189091784818,0.0031622776601683794,0.03476986389443937,0.4199796832533593,0.23877478250494732
Ellipsoid,10,42,76,2,Global-RBF,2,0.15248737322036732,0.2539983999248419,0.2539983999248419,True,False,0.13253588735879568,0.0031622776601683794,0.22615048221854295,0.16628433705704992,0.15248737290033887
Ellipsoid,10,42,77,2,Global-RBF,3,-0.6356080151830383,1.467654255278814,0.2539983999248419,False,False,0.5960391638455409,0.0031622776601683794,-0.6356080135418551,2.312277792361158,2.7700541312013343
Ellipsoid,10,42,78,3,Local-RBF,1,0.23756123243322907,0.35753153599336907,0.2539983999248419,False,False,0.15283052809193728,0.0031622776601683794,0.27515644905994135,0.23756123243322907,0.2832472262290222
Ellipsoid,10,42,79,1,LCB-GPR,2,-174137.58558372737,1092.266385010149,0.2539983999248419,False,False,,0.0031622776601683794,,,
Ellipsoid,10,42,80,2,Global-RBF,2,0.13018751206959678,0.1948154709856094,0.1948154709856094,True,False,0.19588128145850336,0.0031622776601683794,0.23136706567890997,0.13018751206971046,0.14847283358699315
Ellipsoid,10,42,80,2,Global-RBF,3,0.1750578124683102,,0.1948154709856094,False,True,0.0,0.0031622776601683794,0.1750578124683102,0.19481475190883657,0.1899211091264874
Ellipsoid,10,42,81,3,Local-RBF,1,-0.3166846030129283,0.6495709525641519,0.1948154709856094,False,False,0.5224825565825648,0.0031622776601683794,0.4238526439398904,-0.3166846030129287,0.3673566853703432
Ellipsoid,10,42,82,1,LCB-GPR,2,-171776.94646157793,1091.5736835207497,0.1948154709856094,False,False,,0.0031622776601683794,,,
Ellipsoid,10,42,83,2,Global-RBF,3,-3.85260805774584,15.40874703464914,0.1948154709856094,False,False,2.7121077119584536,0.0031622776601683794,12.091106075452046,39.51620685016809,-3.852608057731743
Ellipsoid,10,42,84,3,Local-RBF,1,-0.020270623346453076,0.269006784966091,0.1948154709856094,False,False,0.19835884036324303,0.0031622776601683794,0.15469792151142758,-0.020270623346453243,0.22111540343054448
Ellipsoid,10,42,85,1,LCB-GPR,2,-160123.63064314373,971.6973141409912,0.1948154709856094,False,False,,0.0031622776601683794,,,
Ellipsoid,10,42,86,2,Global-RBF,3,-1.3512949301464232,4.896145354957673,0.1948154709856094,False,False,1.7692487416020537,0.0031622776601683794,-1.3512949263947007,18.25927080331212,4.4423845193337
Ellipsoid,10,42,87,3,Local-RBF,1,0.1474935164302534,0.3520616245435279,0.1948154709856094,False,False,0.13501943333985983,0.0031622776601683794,0.239310678219517,0.1474935164302533,0.2254612297468113
Ellipsoid,10,42,88,1,LCB-GPR,2,-164315.7509281671,1083.9653212031344,0.1948154709856094,False,False,,0.0031622776601683794,,,
Ellipsoid,10,42,89,2,Global-RBF,2,-0.3330898041193109,0.1458599965715927,0.1458599965715927,True,False,0.2863363529368822,0.0031622776601683794,-0.33308980087628015,0.4225849904299821,0.7367881608115567
Ellipsoid,10,42,90,2,Global-RBF,3,-0.050532221544358435,0.29059243148550035,0.1458599965715927,False,False,0.3218413946999524,0.0031622776601683794,0.2270649000692515,0.34964190370766346,-0.05053222141992819
Ellipsoid,10,42,90,3,Local-RBF,1,0.14585999658000118,,0.1458599965715927,False,True,0.0,0.0031622776601683794,0.14585999734764393,0.1458599965800011,0.14585999683517056
Ellipsoid,10,42,91,1,LCB-GPR,2,-156600.53568876293,1101.653797167286,0.1458599965715927,False,False,,0.0031622776601683794,,,
Ellipsoid,10,42,92,2,Global-RBF,3,-0.08696994842159711,0.32125247264035706,0.1458599965715927,False,False,0.33369801290539863,0.0031622776601683794,0.25502979760619837,0.15285357374148134,-0.08696994861384155
Ellipsoid,10,42,93,3,Local-RBF,1,-13917.374525336409,1288.6968699295542,0.1458599965715927,False,False,8.919582189651452,0.0031622776601683794,11.785144000193243,-13917.37452533635,0.26972376907216156
Ellipsoid,10,42,94,1,LCB-GPR,2,-154175.65107672033,1140.9752832398867,0.1458599965715927,False,False,,0.0031622776601683794,,,
Ellipsoid,10,42,95,2,Global-RBF,3,-0.04805571159772626,0.4139686729938564,0.1458599965715927,False,False,0.26987477778387364,0.0031622776601683794,0.3633279378183829,0.4624815716059629,-0.04805570967045014
Ellipsoid,10,42,96,3,Local-RBF,1,-13979.518702438365,1189.3848959479462,0.1458599965715927,False,False,10.100121065922572,0.0031622776601683794,11.346292508011684,-13979.518702438338,0.26972376907216156
Ellipsoid,10,42,97,1,LCB-GPR,2,-161884.00461433496,1114.5480045210124,0.1458599965715927,False,False,,0.0031622776601683794,,,
Ellipsoid,10,42,98,2,Global-RBF,2,0.011677358110034675,0.1277257683462411,0.1277257683462411,True,False,0.21409105425195862,0.0031622776601683794,0.05632820435278063,0.06392592068351632,0.011677358110034675
Ellipsoid,10,42,99,2,Global-RBF,3,-0.3794161705271222,6.909782052669478,0.1277257683462411,False,False,1.3047913769644184,0.0031622776601683794,-0.37941616706416426,12.630975358535068,9.887929235220724
Ellipsoid,10,42,99,3,Local-RBF,1,-46450.27774871009,,0.1277257683462411,False,True,0.0,0.0031622776601683794,6.622769456976783,-46450.277748710105,0.24479756282801857
Ellipsoid,10,42,100,1,LCB-GPR,2,-125992.1034797268,950.4335150284394,0.1277257683462411,False,False,,0.0031622776601683794,,,
Ellipsoid,10,42,101,2,Global-RBF,3,-0.07680973173228267,0.21192204627536546,0.1277257683462411,False,False,0.14579154148871246,0.0031622776601683794,-0.07680973419928705,0.19856707795753437,0.11159901257070715
Ellipsoid,10,42,102,3,Local-RBF,1,-31768.845059241317,1141.5248653192734,0.1277257683462411,False,False,10.500250395186825,0.0031622776601683794,5.822400448475312,-31768.84505924131,0.24151001117275328
Ellipsoid,10,42,103,1,LCB-GPR,2,-118298.06152526464,1089.256072730174,0.1277257683462411,False,False,,0.0031622776601683794,,,
Ellipsoid,10,42,104,2,Global-RBF,2,0.01871761053882892,0.0989993361621161,0.0989993361621161,True,False,0.14810420222926174,0.0031622776601683794,0.018717611729471173,0.07545324651391638,0.09504518700532572
Ellipsoid,10,42,105,2,Global-RBF,3,0.024382267443229466,0.10039950730843583,0.0989993361621161,False,False,0.007903129116292054,0.0031622776601683794,0.02438226962351564,0.09726402609379647,0.09077523063314175
Ellipsoid,10,42,105,3,Local-RBF,1,0.09899932702046939,,0.0989993361621161,False,True,0.0,0.0031622776601683794,0.09899932702046951,0.09899933615846027,0.0989993436819152
Ellipsoid,10,42,106,1,LCB-GPR,2,-136003.89689756907,1023.0763467396034,0.0989993361621161,False,False,,0.0031622776601683794,,,
Ellipsoid,10,42,107,2,Global-RBF,2,0.0016815113011148242,0.053022137741143546,0.053022137741143546,True,False,0.17377970728080114,0.0031622776601683794,0.001681510619562232,0.09128040780564106,0.16538335556566608
Ellipsoid,10,42,108,2,Global-RBF,3,-0.01424230453602604,0.05755188618846735,0.053022137741143546,False,False,0.1457955275390873,0.0031622776601683794,0.09195477563696386,0.07430004054305073,-0.014242301861031592
Ellipsoid,10,42,109,3,Local-RBF,1,-1772888.5388665185,1240.3145985394574,0.053022137741143546,False,False,0.4447175654369174,0.0031622776601683794,11.005515231255929,-1772888.5388665185,0.15133013344699045
Ellipsoid,10,42,110,1,LCB-GPR,2,-117246.56592596907,1072.4086479479038,0.053022137741143546,False,False,,0.0031622776601683794,,,
Ellipsoid,10,43,21,1,LCB-GPR,2,-212980.50438060611,957.5235653179614,152.25422063466337,False,False,,0.0031622776601683794,,,
Ellipsoid,10,43,22,2,Global-RBF,3,-76100.1558641039,1271.4817497630079,152.25422063466337,False,False,14.139959385198111,0.0031622776601683794,691.3228433048823,-76100.15586410392,239.7706909274574
Ellipsoid,10,43,23,3,Local-RBF,1,-3185.091190184751,1244.4763213258668,152.25422063466337,False,False,11.894302119050716,0.0031622776601683794,138.6434166213158,-3185.091190184752,172.99386306053157
Ellipsoid,10,43,24,1,LCB-GPR,2,-446836.352608453,933.0234407477394,152.25422063466337,False,False,,0.0031622776601683794,,,
Ellipsoid,10,43,25,2,Global-RBF,2,-133.7513278023929,78.6724386391132,78.6724386391132,True,False,7.255511789216682,0.0031622776601683794,83.18935938098383,-133.7513278023929,339.7785181118046
Ellipsoid,10,43,26,2,Global-RBF,3,-20.04987128746859,84.61676909830575,78.6724386391132,False,False,6.730432727544497,0.0031622776601683794,72.50672137357554,-20.049871287468818,258.3580878140108
Ellipsoid,10,43,27,3,Local-RBF,1,-33.918272510091896,1266.7315064043678,78.6724386391132,False,False,3.8994863146608747,0.0031622776601683794,76.06080409390577,-33.918272510091896,81.64459371844887
Ellipsoid,10,43,28,1,LCB-GPR,2,-621329.839027171,1045.679821533776,78.6724386391132,False,False,,0.0031622776601683794,,,
Ellipsoid,10,43,29,2,Global-RBF,2,-42.14771645083306,48.877434397916886,48.877434397916886,True,False,4.510236391920677,0.0031622776601683794,24.96273051768935,67.0266464423296,-42.14771645083272
Ellipsoid,10,43,30,2,Global-RBF,2,-25.661925068038954,6.646821189417595,6.646821189417595,True,False,3.27311678866799,0.0031622776601683794,-25.661925068039636,50.05409011586994,11.48614874160694
Ellipsoid,10,43,31,2,Global-RBF,3,-5.780391832960618,26.31534194337457,6.646821189417595,False,False,2.018321972392213,0.0031622776601683794,19.528123711640774,26.27761673135751,-5.780391832959253
Ellipsoid,10,43,32,3,Local-RBF,1,-560.1186500307381,548.2771246880712,6.646821189417595,False,False,8.26392246963684,0.0031622776601683794,-10.156132954479968,-560.118650030738,27.279865538702367
Ellipsoid,10,43,33,1,LCB-GPR,2,-503416.68778033456,1210.7759228828854,6.646821189417595,False,False,,0.0031622776601683794,,,
Ellipsoid,10,43,34,2,Global-RBF,3,-2.8143585571829135,14.680429315264691,6.646821189417595,False,False,1.2944141400431046,0.0031622776601683794,5.135266177852259,13.114658512280016,-2.8143585571822314
Ellipsoid,10,43,35,3,Local-RBF,1,-1391.357361624756,1164.729559996337,6.646821189417595,False,False,11.136465601366655,0.0031622776601683794,1.2223545408136811,-1391.3573616247554,15.880864149352286
Ellipsoid,10,43,36,1,LCB-GPR,2,-526681.4246803877,931.778591351849,6.646821189417595,False,False,,0.0031622776601683794,,,
Ellipsoid,10,43,37,2,Global-RBF,3,0.9315202987620523,15.325580770192225,6.646821189417595,False,False,1.2328315378568624,0.0031622776601683794,19.313510544258747,0.9315202987619386,21.356656561862223
Ellipsoid,10,43,38,3,Local-RBF,1,-7214.443005631531,1080.380899955224,6.646821189417595,False,False,13.147662190992154,0.0031622776601683794,1.7727122206883035,-7214.4430056315305,12.217610424958172
Ellipsoid,10,43,39,1,LCB-GPR,2,-510844.95830597513,972.1575254467259,6.646821189417595,False,False,,0.0031622776601683794,,,
Ellipsoid,10,43,40,2,Global-RBF,3,-2.5202699908754767,10.150857870360554,6.646821189417595,False,False,1.1555717602789164,0.0031622776601683794,10.349429874915018,11.785243684749048,-2.52026999087434
Ellipsoid,10,43,41,3,Local-RBF,1,-1732.8444938422456,1238.981014162647,6.646821189417595,False,False,6.529759805688424,0.0031622776601683794,6.380330044267151,-1732.8444938422474,11.700922286308765
Ellipsoid,10,43,42,1,LCB-GPR,2,-499717.3540144233,1173.834326679822,6.646821189417595,False,False,,0.0031622776601683794,,,
Ellipsoid,10,43,43,2,Global-RBF,3,3.134352942824762,9.934994903901245,6.646821189417595,False,False,0.7314915574398323,0.0031622776601683794,7.535060451586446,8.754049580440665,3.1343529428223746
Ellipsoid,10,43,44,3,Local-RBF,1,-447.42557707757027,705.6336136023574,6.646821189417595,False,False,7.476541357966574,0.0031622776601683794,4.885913162620388,-447.42557707757027,10.353275819736021
Ellipsoid,10,43,45,1,LCB-GPR,2,-425092.3177399552,1009.0159174049336,6.646821189417595,False,False,,0.0031622776601683794,,,
Ellipsoid,10,43,46,2,Global-RBF,2,1.8103804498451836,5.423440966397588,5.423440966397588,True,False,0.8076117251772491,0.0031622776601683794,5.204955536905572,9.143632761798358,1.8103804498499585
Ellipsoid,10,43,47,2,Global-RBF,3,2.856444454691996,6.355428066121805,5.423440966397588,False,False,0.8074494129656555,0.0031622776601683794,6.3360950467064185,9.590092994787597,2.8564444546830146
Ellipsoid,10,43,48,3,Local-RBF,1,3.099754618509444,14.757223423564312,5.423440966397588,False,False,0.9998173316256639,0.0031622776601683794,4.856551970596552,3.0997546185094422,6.53999365207268
Ellipsoid,10,43,49,1,LCB-GPR,2,-395524.7392187106,1040.5100157809131,5.423440966397588,False,False,,0.0031622776601683794,,,
Ellipsoid,10,43,50,2,Global-RBF,2,0.8203051181629917,1.264097084331761,1.264097084331761,True,False,0.9666741708598128,0.0031622776601683794,0.8203051181384353,6.300261337555867,8.44628127306737
Ellipsoid,10,43,51,2,Global-RBF,3,-1.4438740884088475,5.7261643706248995,1.264097084331761,False,False,0.7422994935653798,0.0031622776601683794,4.318566166769756,-1.4438740884089611,6.799747107690791
Ellipsoid,10,43,51,3,Local-RBF,1,1.2640969547679344,,1.264097084331761,False,True,0.0,0.0031622776601683794,1.2640969547679357,1.2640970835768655,1.2640971557303327
Ellipsoid,10,43,52,1,LCB-GPR,2,-343341.6612409952,1109.8987588701839,1.264097084331761,False,False,,0.0031622776601683794,,,
Ellipsoid,10,43,53,2,Global-RBF,3,-1.964289464214744,7.912131731930364,1.264097084331761,False,False,1.2164435583402755,0.0031622776601683794,7.9072384840042105,9.57738785436652,-1.9642894641970088
Ellipsoid,10,43,54,3,Local-RBF,1,-6.173153034251989,11.170914572945087,1.264097084331761,False,False,1.6892879815271529,0.0031622776601683794,1.3672598740227917,-6.173153034251989,4.874467041153516
Ellipsoid,10,43,55,1,LCB-GPR,2,-336186.5768316352,1079.445806789696,1.264097084331761,False,False,,0.0031622776601683794,,,
Ellipsoid,10,43,56,2,Global-RBF,3,-1.006194524428679,2.963859397710759,1.264097084331761,False,False,0.5957643156638349,0.0031622776601683794,1.462519914171935,1.7561360458155377,-1.0061945244045774
Ellipsoid,10,43,57,3,Local-RBF,1,-45.84948497838853,15.879082231142489,1.264097084331761,False,False,3.269599314201307,0.0031622776601683794,1.8127770744178977,-45.84948497838854,4.323003913501102
Ellipsoid,10,43,58,1,LCB-GPR,2,-319747.7861231402,1172.9064607640394,1.264097084331761,False,False,,0.0031622776601683794,,,
Ellipsoid,10,43,59,2,Global-RBF,3,-1.8450725163306743,5.8882216350685175,1.264097084331761,False,False,1.271890995157728,0.0031622776601683794,2.070780604132551,2.3903488296907653,-1.8450725163694415
Ellipsoid,10,43,60,3,Local-RBF,1,-19.985756733180175,19.00903453616506,1.264097084331761,False,False,1.2770644573399585,0.0031622776601683794,0.31819524256367604,-19.985756733180175,4.234481872271289
Ellipsoid,10,43,61,1,LCB-GPR,2,-245848.14148139182,1110.0471830930928,1.264097084331761,False,False,,0.0031622776601683794,,,
Ellipsoid,10,43,62,2,Global-RBF,3,-1.5780655083374313,1.5337887015341096,1.264097084331761,False,False,1.1007612668918045,0.0031622776601683794,0.6113403153718764,4.061746828467108,-1.5780655083203783
Ellipsoid,10,43,63,3,Local-RBF,1,-643.0690457738943,259.7300173611595,1.264097084331761,False,False,5.330743267093244,0.0031622776601683794,4.394821668616435,-643.0690457738942,3.7999286926112728
Ellipsoid,10,43,64,1,LCB-GPR,2,-250707.86808723462,1088.8416445997498,1.264097084331761,False,False,,0.0031622776601683794,,,
Ellipsoid,10,43,65,2,Global-RBF,3,-1.188702241942451,1.3505217218622243,1.264097084331761,False,False,0.837005308961158,0.0031622776601683794,0.9049326242977713,-1.1887022419425648,2.0859708644981083
Ellipsoid,10,43,66,3,Local-RBF,1,-20.792841446978514,46.15392022982178,1.264097084331761,False,False,1.8422590147320137,0.0031622776601683794,1.0910744072535372,-20.792841446978578,3.043430966840142
Ellipsoid,10,43,67,1,LCB-GPR,2,-232682.5355136774,1212.1047818130726,1.264097084331761,False,False,,0.0031622776601683794,,,
Ellipsoid,10,43,68,2,Global-RBF,3,-0.6320585876151199,1.475336503056152,1.264097084331761,False,False,0.5916572353657825,0.0031622776601683794,0.8000382302046773,1.5929342708324157,-0.6320585875872666
Ellipsoid,10,43,69,3,Local-RBF,1,-106.81305767021907,181.51221475203624,1.264097084331761,False,False,4.606240085534474,0.0031622776601683794,-0.811233039490705,-106.81305767021915,2.3351740624795365
Ellipsoid,10,43,70,1,LCB-GPR,2,-229744.33301003816,1086.2736277013353,1.264097084331761,False,False,,0.0031622776601683794,,,
Ellipsoid,10,43,71,2,Global-RBF,3,-1.8983530433002898,4.302231733095008,1.264097084331761,False,False,1.2487459802787153,0.0031622776601683794,3.141824975525651,7.423377816154812,-1.8983530432873295
Ellipsoid,10,43,72,3,Local-RBF,1,-3.0791512820335325,6.984589820603024,1.264097084331761,False,False,0.6571824628391102,0.0031622776601683794,1.8899415295924102,-3.0791512820335325,1.5774945089671233
Ellipsoid,10,43,73,1,LCB-GPR,2,-219629.87408960628,1062.3423773153145,1.264097084331761,False,False,,0.0031622776601683794,,,
Ellipsoid,10,43,74,2,Global-RBF,2,-0.04344489710462085,0.3152022069943273,0.3152022069943273,True,False,0.46245333616892803,0.0031622776601683794,0.22853995716570807,0.29733406510842997,-0.04344489703839827
Ellipsoid,10,43,75,2,Global-RBF,3,0.14873123799651466,0.38150841953222436,0.3152022069943273,False,False,0.2321427189118075,0.0031622776601683794,0.23806132723126439,0.1487312379962873,1.050431826792419
Ellipsoid,10,43,75,3,Local-RBF,1,0.3152021566105234,,0.3152022069943273,False,True,0.0,0.0031622776601683794,0.3152021566105241,0.31520220640385066,0.31520223243756385
Ellipsoid,10,43,76,1,LCB-GPR,2,-236785.85651707824,1142.7443682683672,0.3152022069943273,False,False,,0.0031622776601683794,,,
Ellipsoid,10,43,77,2,Global-RBF,3,-0.042886793708305504,0.7381320628093121,0.3152022069943273,False,False,0.26923701601825845,0.0031622776601683794,0.7826664089848805,0.7000172576649675,-0.042886793711829796
Ellipsoid,10,43,77,3,Local-RBF,1,-1208066.1661676532,,0.3152022069943273,False,True,0.0,0.0031622776601683794,21.802169854408422,-1208066.1661676532,1.0083695285885872
Ellipsoid,10,43,78,1,LCB-GPR,2,-189312.09670288878,1140.2076683115251,0.3152022069943273,False,False,,0.0031622776601683794,,,
Ellipsoid,10,43,79,2,Global-RBF,3,0.1063872898387217,0.42801181286791234,0.3152022069943273,False,False,0.26267559058882134,0.0031622776601683794,0.6322971038287051,0.6581297704882445,0.10638728968336864
Ellipsoid,10,43,80,3,Local-RBF,1,-146206.79773879747,1064.976774905399,0.3152022069943273,False,False,10.368315016851534,0.0031622776601683794,17.08875069614974,-146206.79773879747,0.8504014016362734
Ellipsoid,10,43,81,1,LCB-GPR,2,-155338.1686496443,1098.4056879590514,0.3152022069943273,False,False,,0.0031622776601683794,,,
Ellipsoid,10,43,82,2,Global-RBF,2,0.18636370874548902,0.30351306733724503,0.30351306733724503,True,False,0.1754050376962151,0.0031622776601683794,0.39541639704179943,0.3551207740895279,0.1863637088537189
Ellipsoid,10,43,83,2,Global-RBF,2,0.06879957122959013,0.11363086636721854,0.11363086636721854,True,False,0.20825713273966964,0.0031622776601683794,0.06879957122959013,0.31551725463208413,0.731761587580138
Ellipsoid,10,43,84,2,Global-RBF,3,-0.023286975760186124,0.24811839425864646,0.11363086636721854,False,False,0.23414938256591503,0.0031622776601683794,0.2555080330685655,0.3525366520416924,-0.023286975435041768
Ellipsoid,10,43,85,3,Local-RBF,1,-448.52100218403257,553.5082164081562,0.11363086636721854,False,False,6.909247983019942,0.0031622776601683794,6.74034144475236,-448.5210021840315,0.4740267393123309
Ellipsoid,10,43,86,1,LCB-GPR,2,-158884.06870980273,962.7463097861696,0.11363086636721854,False,False,,0.0031622776601683794,,,
Ellipsoid,10,43,87,2,Global-RBF,3,0.004584236441132816,0.11939092142127342,0.11363086636721854,False,False,0.148649880580252,0.0031622776601683794,0.16754750541167596,0.2384952432585692,0.0045842357943683965
Ellipsoid,10,43,88,3,Local-RBF,1,-0.17574184603386,0.8340830577906502,0.11363086636721854,False,False,0.27882708782130067,0.0031622776601683794,0.05383523686180708,-0.17574184603386,0.2509086765290538
Ellipsoid,10,43,89,1,LCB-GPR,2,-157637.95938750982,1076.3582319718876,0.11363086636721854,False,False,,0.0031622776601683794,,,
Ellipsoid,10,43,90,2,Global-RBF,3,0.03913195979396278,0.1832015966353579,0.11363086636721854,False,False,0.1535027855215855,0.0031622776601683794,0.03913195979396278,0.07894127815791308,0.31366422736920185
Ellipsoid,10,43,90,3,Local-RBF,1,0.11363086625367388,,0.11363086636721854,False,True,0.0,0.0031622776601683794,0.11363087026990978,0.11363086625367391,0.11363086667537645
Ellipsoid,10,43,91,1,LCB-GPR,2,-165672.97435330003,1238.1735989725028,0.11363086636721854,False,False,,0.0031622776601683794,,,
Ellipsoid,10,43,92,2,Global-RBF,3,-0.014268640538261934,0.17568492981177025,0.11363086636721854,False,False,0.24411028035760424,0.0031622776601683794,-0.014268640434693225,0.2095911744412433,0.35189069974114773
Ellipsoid,10,43,92,3,Local-RBF,1,0.03069659679113354,,0.11363086636721854,False,True,0.0,0.0031622776601683794,0.3144824462030317,0.03069659679113379,0.2659906791753271
Ellipsoid,10,43,93,1,LCB-GPR,2,-165888.14734925082,1174.4817374026575,0.11363086636721854,False,False,,0.0031622776601683794,,,
Ellipsoid,10,43,94,2,Global-RBF,3,-0.042768264463347805,0.408502830690859,0.11363086636721854,False,False,0.34982297015311575,0.0031622776601683794,-0.04276826490223584,0.631372603672105,1.4496269770241383
Ellipsoid,10,43,94,3,Local-RBF,1,0.11363086266845929,,0.11363086636721854,False,True,0.0,0.0031622776601683794,0.11363086266845937,0.11363086632946567,0.11363086856448895
Ellipsoid,10,43,95,1,LCB-GPR,2,-143201.96220221097,1065.455409750842,0.11363086636721854,False,False,,0.0031622776601683794,,,
Ellipsoid,10,43,96,2,Global-RBF,3,-0.050297897766768074,0.14308488262264565,0.11363086636721854,False,False,0.1741023918500364,0.0031622776601683794,0.11278961531900222,0.1214708824693389,-0.050297897840778205
Ellipsoid,10,43,97,3,Local-RBF,1,-0.07745380841321814,0.11681271649263508,0.11363086636721854,False,False,0.1435644378323595,0.0031622776601683794,0.05704185299973402,-0.07745380841321814,0.11369408103726167
Ellipsoid,10,43,98,1,LCB-GPR,2,-128143.99165373387,1116.5762451835744,0.11363086636721854,False,False,,0.0031622776601683794,,,
Ellipsoid,10,43,99,2,Global-RBF,3,0.014049510864708736,0.11399948767740523,0.11363086636721854,False,False,0.16493177259201547,0.0031622776601683794,0.05593950564241368,0.0924379154196231,0.014049508844891534
Ellipsoid,10,43,99,3,Local-RBF,1,0.11363085947818036,,0.11363086636721854,False,True,0.0,0.0031622776601683794,0.11363085947818008,0.11363086638206227,0.11363086820253768
Ellipsoid,10,43,100,1,LCB-GPR,2,-140689.64980127756,1042.9850538191504,0.11363086636721854,False,False,,0.0031622776601683794,,,
Ellipsoid,10,43,101,2,Global-RBF,3,0.03743655640727184,0.12608272591452652,0.11363086636721854,False,False,0.15613423678063554,0.0031622776601683794,0.07973220123335523,0.13565967959681302,0.037436555808994854
Ellipsoid,10,43,101,3,Local-RBF,1,0.11363085936051291,,0.11363086636721854,False,True,0.0,0.0031622776601683794,0.11363085936051286,0.1136308664097764,0.11363086855020664
Ellipsoid,10,43,102,1,LCB-GPR,2,-130660.56075467113,991.0978655080816,0.11363086636721854,False,False,,0.0031622776601683794,,,
Ellipsoid,10,43,103,2,Global-RBF,3,0.051819554051917294,0.19938803651788753,0.11363086636721854,False,False,0.11520504027177243,0.0031622776601683794,0.051819553432437715,0.19464143319589766,0.17739452768961428
Ellipsoid,10,43,104,3,Local-RBF,1,0.09899686953450967,1.9581021008116073,0.11363086636721854,False,False,0.6300218189691847,0.0031622776601683794,0.09899686953450937,17.901779604450518,0.15393923574622606
Ellipsoid,10,43,105,1,LCB-GPR,2,-124671.30260107435,874.520974251599,0.11363086636721854,False,False,,0.0031622776601683794,,,
Ellipsoid,10,43,106,2,Global-RBF,3,-696.1118292477245,261.93396280880677,0.11363086636721854,False,False,8.13062181166986,0.0031622776601683794,-696.1118293032819,318.60373943977106,258.52108253086845
Ellipsoid,10,43,106,3,Local-RBF,1,0.11363086493266691,,0.11363086636721854,False,True,0.0,0.0031622776601683794,0.11363086493266691,0.1136308662663078,0.11363086713227888
Ellipsoid,10,43,107,1,LCB-GPR,2,-133720.29247432662,1050.0669378952916,0.11363086636721854,False,False,,0.0031622776601683794,,,
Ellipsoid,10,43,108,2,Global-RBF,2,0.035181065489950925,0.06789158441213698,0.06789158441213698,True,False,0.13050462419466713,0.0031622776601683794,0.07148706731140919,0.07554856079565297,0.03518106582043856
Ellipsoid,10,43,108,2,Global-RBF,3,0.052829467417154774,,0.06789158441213698,False,True,0.0,0.0031622776601683794,0.07077834638823788,0.06789202835039987,0.05282946940133115
Ellipsoid,10,43,109,3,Local-RBF,1,-134027.0461951148,1153.706684810276,0.06789158441213698,False,False,11.98435790114156,0.0031622776601683794,1.3814732381910373,-134027.04619511476,0.1359167747872857
Ellipsoid,10,43,110,1,LCB-GPR,2,-126327.92233209363,1129.9460536017134,0.06789158441213698,False,False,,0.0031622776601683794,,,
Ellipsoid,10,44,21,1,LCB-GPR,2,-63521.45800492901,955.3915157446772,293.2606468049744,False,False,,0.0031622776601683794,,,
Ellipsoid,10,44,22,2,Global-RBF,3,-904.3209151291461,1238.1063619602385,293.2606468049744,False,False,12.599032967671357,0.0031622776601683794,260.0724236953159,-904.3209151291459,278.7261326485518
Ellipsoid,10,44,23,3,Local-RBF,1,226.43835931467316,1162.21788177081,293.2606468049744,False,False,10.061382481585357,0.0031622776601683794,291.7147946536339,226.43835931467316,294.9430559274414
Ellipsoid,10,44,24,1,LCB-GPR,2,-295959.3968831385,1035.586686238764,293.2606468049744,False,False,,0.0031622776601683794,,,
Ellipsoid,10,44,25,2,Global-RBF,2,-154.80928473247366,60.94081527558877,60.94081527558877,True,False,8.668548998696435,0.0031622776601683794,255.5362758968031,-154.80928473247366,535.4149399683662
Ellipsoid,10,44,26,2,Global-RBF,3,-33.526007509265014,267.69060776769743,60.94081527558877,False,False,4.936920026216437,0.0031622776601683794,186.92336253215115,226.72242517952594,-33.526007509265696
Ellipsoid,10,44,27,3,Local-RBF,1,-4205646.0856547095,1049.2961366543886,60.94081527558877,False,False,11.010005096346562,0.0031622776601683794,63.2293489729002,-4205646.08565469,164.3157115216431
Ellipsoid,10,44,28,1,LCB-GPR,2,-384176.5565219336,1035.6181944183077,60.94081527558877,False,False,,0.0031622776601683794,,,
Ellipsoid,10,44,29,2,Global-RBF,2,-13.053708228810706,7.549382426932748,7.549382426932748,True,False,3.4784412272297778,0.0031622776601683794,-13.053708228810478,34.11268079246179,83.61533820134554
Ellipsoid,10,44,30,2,Global-RBF,3,0.15299783036539338,29.981834187943605,7.549382426932748,False,False,1.4237668485829083,0.0031622776601683794,23.831875043835794,0.15299783036539338,22.600269746954723
Ellipsoid,10,44,31,3,Local-RBF,1,-171.25871589926902,59.497432073893734,7.549382426932748,False,False,3.799279932052668,0.0031622776601683794,-11.046627938704603,-171.25871589926902,29.953888822599936
Ellipsoid,10,44,32,1,LCB-GPR,2,-447564.30029884307,969.572068936212,7.549382426932748,False,False,,0.0031622776601683794,,,
Ellipsoid,10,44,33,2,Global-RBF,3,-2.5762029104587327,28.059314254445088,7.549382426932748,False,False,1.5316130734409388,0.0031622776601683794,10.721836587995767,8.858440732506097,-2.5762029104578232
Ellipsoid,10,44,34,3,Local-RBF,1,-44.86741653210423,24.493913417897122,7.549382426932748,False,False,2.301299280714941,0.0031622776601683794,-1.6725220711028967,-44.86741653210423,19.00989290653856
Ellipsoid,10,44,35,1,LCB-GPR,2,-457422.5237335625,1070.8909482551014,7.549382426932748,False,False,,0.0031622776601683794,,,
Ellipsoid,10,44,36,2,Global-RBF,3,-3.0207374501086406,14.752786367091577,7.549382426932748,False,False,1.4582406688241387,0.0031622776601683794,7.473805692442966,12.20816548036396,-3.020737450108186
Ellipsoid,10,44,37,3,Local-RBF,1,-2037.100577089512,1152.1319737070914,7.549382426932748,False,False,10.225488405051191,0.0031622776601683794,1.051836606602663,-2037.100577089512,15.598694070640482
Ellipsoid,10,44,38,1,LCB-GPR,2,-398952.8437463469,1081.0782823191773,7.549382426932748,False,False,,0.0031622776601683794,,,
Ellipsoid,10,44,39,2,Global-RBF,2,1.6668890658667124,6.393146573943954,6.393146573943954,True,False,0.872299000757639,0.0031622776601683794,5.157849489647219,8.760049088312485,1.666889065866826
Ellipsoid,10,44,40,2,Global-RBF,2,1.9753953790940386,5.155173097045306,5.155173097045306,True,False,0.9860067762554476,0.0031622776601683794,4.540236711990929,7.81695238272323,1.9753953790886953
Ellipsoid,10,44,41,2,Global-RBF,2,2.4328102594787424,3.062280959557805,3.062280959557805,True,False,0.5810347334692069,0.0031622776601683794,2.432810259484768,3.999031139781323,5.772101350971184
Ellipsoid,10,44,42,2,Global-RBF,3,2.186289182920234,4.0043443095227955,3.062280959557805,False,False,0.4461476198583449,0.0031622776601683794,3.998780889852071,2.186289182920291,3.468947264540418
Ellipsoid,10,44,42,3,Local-RBF,1,3.062280892747904,,3.062280959557805,False,True,0.0,0.0031622776601683794,3.062280892747904,3.0622809592478264,3.0622809947438743
Ellipsoid,10,44,43,1,LCB-GPR,2,-429757.51918985747,1147.0996750177976,3.062280959557805,False,False,,0.0031622776601683794,,,
Ellipsoid,10,44,44,2,Global-RBF,3,0.41265699759321706,7.095049980646104,3.062280959557805,False,False,0.7121425243107169,0.0031622776601683794,4.999464404834782,6.04019920265597,0.4126569975924781
Ellipsoid,10,44,45,3,Local-RBF,1,1.1585169272937255,4.757506632694184,3.062280959557805,False,False,0.5474814412854108,0.0031622776601683794,3.071182996631956,1.1585169272937255,4.458092504133579
Ellipsoid,10,44,46,1,LCB-GPR,2,-350729.6344208972,1162.078024505432,3.062280959557805,False,False,,0.0031622776601683794,,,
Ellipsoid,10,44,47,2,Global-RBF,3,1.336612310499902,3.0829488553583873,3.062280959557805,False,False,0.5613811615992769,0.0031622776601683794,3.7996897161189622,4.467457534873574,1.3366123105086558
Ellipsoid,10,44,48,3,Local-RBF,1,2.5871111037704297,346.4181110799367,3.062280959557805,False,False,6.543875041179892,0.0031622776601683794,2.5871111037704324,196.87924589335637,3.726770189283293
Ellipsoid,10,44,49,1,LCB-GPR,2,-363724.28707695653,1167.0348855128136,3.062280959557805,False,False,,0.0031622776601683794,,,
Ellipsoid,10,44,50,2,Global-RBF,2,1.24542796443842,1.5273411813003481,1.5273411813003481,True,False,0.5555510643709471,0.0031622776601683794,2.650449886020226,2.8740276888482867,1.245427964432679
Ellipsoid,10,44,51,2,Global-RBF,2,1.2095733472759207,1.2229606677171694,1.2229606677171694,True,False,0.2579596147068052,0.0031622776601683794,1.384874862467882,1.2095733472759775,1.8054305137175675
Ellipsoid,10,44,52,2,Global-RBF,3,0.626742066594943,1.4501970048595167,1.2229606677171694,False,False,0.3571469677534687,0.0031622776601683794,1.3139896523989023,2.2582829486428864,0.626742066594943
Ellipsoid,10,44,53,3,Local-RBF,1,-16768.27440504816,1025.7880104182063,1.2229606677171694,False,False,11.315705177395614,0.0031622776601683794,6.086197951815473,-16768.27440504817,2.069145733758645
Ellipsoid,10,44,54,1,LCB-GPR,2,-259317.89243723583,1072.9851432553028,1.2229606677171694,False,False,,0.0031622776601683794,,,
Ellipsoid,10,44,55,2,Global-RBF,2,0.9587181713637278,0.9742956351158935,0.9742956351158935,True,False,0.26172784741720845,0.0031622776601683794,0.9587181713156951,1.1834294766779863,1.3242554958836195
Ellipsoid,10,44,56,2,Global-RBF,3,0.4375468323777909,1.7243370201867578,0.9742956351158935,False,False,0.3338091586517807,0.0031622776601683794,1.565691349086194,1.8310958910691397,0.43754683236579694
Ellipsoid,10,44,56,3,Local-RBF,1,0.9742956190392417,,0.9742956351158935,False,True,0.0,0.0031622776601683794,0.9742956190392418,0.9742956350371779,0.9742956436338188
Ellipsoid,10,44,57,1,LCB-GPR,2,-298600.670911125,1093.6462718128937,0.9742956351158935,False,False,,0.0031622776601683794,,,
Ellipsoid,10,44,58,2,Global-RBF,3,0.8395523842840475,1.2679608188894456,0.9742956351158935,False,False,0.20327040939479288,0.0031622776601683794,1.2122808397342055,0.8395523842841612,1.1104896045317219
Ellipsoid,10,44,58,3,Local-RBF,1,0.9742956198594548,,0.9742956351158935,False,True,0.0,0.0031622776601683794,0.9742956198594548,0.974295635024806,0.9742956431238217
Ellipsoid,10,44,59,1,LCB-GPR,2,-244040.5761314802,952.6242140454342,0.9742956351158935,False,False,,0.0031622776601683794,,,
Ellipsoid,10,44,60,2,Global-RBF,3,0.9178694133780141,1.0563746746720855,0.9742956351158935,False,False,0.14016757545260417,0.0031622776601683794,1.0512354796815657,1.0675604309991513,0.917869413324695
Ellipsoid,10,44,60,3,Local-RBF,1,0.9742956243953391,,0.9742956351158935,False,True,0.0,0.0031622776601683794,0.9742956243953395,0.9742956350563043,0.9742956407688361
Ellipsoid,10,44,61,1,LCB-GPR,2,-238135.40272718793,1076.623240565993,0.9742956351158935,False,False,,0.0031622776601683794,,,
Ellipsoid,10,44,62,2,Global-RBF,2,0.9224019026540304,0.7981156499014086,0.7981156499014086,True,False,0.1163392595953604,0.0031622776601683794,0.9224019026810879,0.9924329932598539,1.089693667649044
Ellipsoid,10,44,63,2,Global-RBF,3,-1.420783634182385,0.8274924935307313,0.7981156499014086,False,False,0.7686040871802128,0.0031622776601683794,-1.4207836373484497,3.7464024549022383,3.096360969350769
Ellipsoid,10,44,64,3,Local-RBF,1,-3948.9722428300083,1244.3858370615992,0.7981156499014086,False,False,12.869152006084002,0.0031622776601683794,4.649091154974736,-3948.9722428300083,1.0245333233044556
Ellipsoid,10,44,65,1,LCB-GPR,2,-196683.8638582664,1122.3757076510321,0.7981156499014086,False,False,,0.0031622776601683794,,,
Ellipsoid,10,44,66,2,Global-RBF,2,-0.16941789641055038,0.6606734325255383,0.6606734325255383,True,False,0.3888641116028476,0.0031622776601683794,0.41545471533697764,0.5300303901694292,-0.16941789651207273
Ellipsoid,10,44,67,2,Global-RBF,2,-0.11249727604439386,0.4401275825544383,0.4401275825544383,True,False,0.31665380812926136,0.0031622776601683794,0.39497685130328364,0.6464841414004354,-0.11249727614602989
Ellipsoid,10,44,68,2,Global-RBF,2,0.14820139519588338,0.31119918391671536,0.31119918391671536,True,False,0.24045130654353697,0.0031622776601683794,0.33038419856040946,0.14820139519588338,0.4300688739676275
Ellipsoid,10,44,69,2,Global-RBF,2,0.1844671915141589,0.27560455969075187,0.27560455969075187,True,False,0.1455122942400884,0.0031622776601683794,0.2749817644659629,0.29604469527163246,0.18446719110664844
Ellipsoid,10,44,70,2,Global-RBF,3,0.22000167521423464,0.4315125597750045,0.27560455969075187,False,False,0.17573301307753003,0.0031622776601683794,0.3128909130349484,0.22000167521434832,0.5344307573429319
Ellipsoid,10,44,70,3,Local-RBF,1,0.2756045529138259,,0.27560455969075187,False,True,0.0,0.0031622776601683794,0.2756045529138258,0.2756045596836266,0.27560456409976886
Ellipsoid,10,44,71,1,LCB-GPR,2,-204316.13806599143,1098.0062586090642,0.27560455969075187,False,False,,0.0031622776601683794,,,
Ellipsoid,10,44,72,2,Global-RBF,2,0.21782864496572074,0.18404122068715859,0.18404122068715859,True,False,0.1664432247109702,0.0031622776601683794,0.21782864497856735,0.29857249592208746,0.2773484034270268
Ellipsoid,10,44,73,2,Global-RBF,3,0.11232934567141228,0.2793872450350652,0.18404122068715859,False,False,0.10869340954633423,0.0031622776601683794,0.2312217752999004,0.2451896410618133,0.11232934546586648
Ellipsoid,10,44,73,3,Local-RBF,1,-17.623163461082,,0.18404122068715859,False,True,0.0,0.0031622776601683794,0.6658775348607046,-17.62316346108196,0.3689351118956017
Ellipsoid,10,44,74,1,LCB-GPR,2,-194198.026656106,990.7663400101728,0.18404122068715859,False,False,,0.0031622776601683794,,,
Ellipsoid,10,44,75,2,Global-RBF,3,-0.256022207494766,0.19498436945350742,0.18404122068715859,False,False,0.3194538753910073,0.0031622776601683794,-0.256022209289938,0.47986343800596387,0.708315994127986
Ellipsoid,10,44,76,3,Local-RBF,1,-2612024.578686841,1120.1126538097146,0.18404122068715859,False,False,9.750625531589352,0.0031622776601683794,4.340784018102448,-2612024.578686841,0.30240810301609156
Ellipsoid,10,44,77,1,LCB-GPR,2,-187155.3188744135,1063.5458875640163,0.18404122068715859,False,False,,0.0031622776601683794,,,
Ellipsoid,10,44,78,2,Global-RBF,3,-0.051734412616951886,0.2824588858831082,0.18404122068715859,False,False,0.24373927785677774,0.0031622776601683794,0.24492851184538722,0.26016176376703015,-0.05173441256033584
Ellipsoid,10,44,79,3,Local-RBF,1,-251132.15535600757,1251.264689277411,0.18404122068715859,False,False,10.648114465862507,0.0031622776601683794,1.2899184858280344,-251132.1553560087,0.27988400349161585
Ellipsoid,10,44,80,1,LCB-GPR,2,-173053.1192964593,1140.6510091411938,0.18404122068715859,False,False,,0.0031622776601683794,,,
Ellipsoid,10,44,81,2,Global-RBF,3,-0.0034697388585414046,0.2732526471152398,0.18404122068715859,False,False,0.2299902162815386,0.0031622776601683794,0.20401347414247084,0.21951022862469927,-0.0034697384336368486
Ellipsoid,10,44,82,3,Local-RBF,1,-1.7418606183760026,2.4791019435758814,0.18404122068715859,False,False,0.5306425582543467,0.0031622776601683794,0.17378869931610152,-1.7418606183760026,0.27765074547089064
Ellipsoid,10,44,83,1,LCB-GPR,2,-167957.8437573128,1166.4843967558334,0.18404122068715859,False,False,,0.0031622776601683794,,,
Ellipsoid,10,44,84,2,Global-RBF,3,-0.22949202072777553,1.2766154340818725,0.18404122068715859,False,False,0.40435991091365375,0.0031622776601683794,-0.22949200740174547,1.2306589316921759,1.58562649300751
Ellipsoid,10,44,85,3,Local-RBF,1,-7.714174923423376,24.851945011364215,0.18404122068715859,False,False,1.2689555181459657,0.0031622776601683794,0.2670063264426762,-7.71417492342338,0.2790550839445689
Ellipsoid,10,44,86,1,LCB-GPR,2,-177843.9059409941,1111.2135962436898,0.18404122068715859,False,False,,0.0031622776601683794,,,
Ellipsoid,10,44,87,2,Global-RBF,2,0.04200503317389348,0.06852669732900218,0.06852669732900218,True,False,0.1824907502237197,0.0031622776601683794,0.04200503501260755,0.16855085093681055,0.22088496175439332
Ellipsoid,10,44,88,2,Global-RBF,3,-71.84766803560973,78.07701107731819,0.06852669732900218,False,False,5.785611135178918,0.0031622776601683794,-71.84766804593113,153.4193096531111,129.73551645063253
Ellipsoid,10,44,89,3,Local-RBF,1,-0.13763408499025687,0.1563834517430936,0.06852669732900218,False,False,0.20396026122983352,0.0031622776601683794,0.02478660964633514,-0.13763408499025687,0.10898779277531018
Ellipsoid,10,44,90,1,LCB-GPR,2,-169110.69389514008,1112.006679859985,0.06852669732900218,False,False,,0.0031622776601683794,,,
Ellipsoid,10,44,90,2,Global-RBF,3,0.009923735840061454,,0.06852669732900218,False,True,0.0,0.0031622776601683794,0.009923735273844159,0.06852716369280643,0.06635700548457635
Ellipsoid,10,44,90,3,Local-RBF,1,0.06852668767056483,,0.06852669732900218,False,True,0.0,0.0031622776601683794,0.06852668767056491,0.06852669714594928,0.06852670175274964
Ellipsoid,10,44,91,1,LCB-GPR,2,-158384.92153586296,1000.2472527229809,0.06852669732900218,False,False,,0.0031622776601683794,,,
Ellipsoid,10,44,92,2,Global-RBF,3,-0.04020217704089646,0.270539832916872,0.06852669732900218,False,False,0.1929160319951879,0.0031622776601683794,-0.04020217845021534,0.3887294178472871,0.2969577435262636
Ellipsoid,10,44,93,3,Local-RBF,1,0.06232747730774266,0.18533343319758863,0.06852669732900218,False,False,0.14331336959161003,0.0031622776601683794,0.06232747730774266,0.07242018576960213,0.07954843349328317
Ellipsoid,10,44,94,1,LCB-GPR,2,-124617.98716545831,977.7310145252675,0.06852669732900218,False,False,,0.0031622776601683794,,,
Ellipsoid,10,44,95,2,Global-RBF,2,0.033620315172584014,0.0656517435846126,0.0656517435846126,True,False,0.025619035519956816,0.0031622776601683794,0.03362031390804532,0.06673103677883319,0.04780355433655359
Ellipsoid,10,44,96,2,Global-RBF,2,0.002231794331464698,0.059747541625025484,0.059747541625025484,True,False,0.10597237080163342,0.0031622776601683794,0.08280135433977875,0.0682478644339426,0.0022317941154597065
Ellipsoid,10,44,97,2,Global-RBF,3,-141.533959419327,203.92651648459426,0.059747541625025484,False,False,6.1152509946642795,0.0031622776601683794,-141.533959419327,191.19398387137807,193.21042479091562
Ellipsoid,10,44,98,3,Local-RBF,3,0.053020735372165034,0.05824526572508101,0.05824526572508101,True,False,0.0069581081168446895,0.0031622776601683794,0.060751812262052354,0.05302073537216498,0.061007763846856786
Ellipsoid,10,44,98,3,Local-RBF,1,0.05824523347570208,,0.05824526572508101,False,True,0.0,0.0031622776601683794,0.05824523347570244,0.05824526567847779,0.05824527583260859
Ellipsoid,10,44,99,1,LCB-GPR,2,-125483.79161424638,986.1674391836651,0.05824526572508101,False,False,,0.0031622776601683794,,,
Ellipsoid,10,44,100,2,Global-RBF,2,0.03171263426054338,0.05024926740681184,0.05024926740681184,True,False,0.1303924215140001,0.0031622776601683794,0.1440267579380361,0.03171263426071391,0.06760339177952801
Ellipsoid,10,44,101,2,Global-RBF,3,-0.20118553353364632,0.4943117997224315,0.05024926740681184,False,False,0.46534598800125543,0.0031622776601683794,-0.2011855348256404,1.1802227241447554,1.0104846767882805
Ellipsoid,10,44,101,3,Local-RBF,1,0.05024926213290036,,0.05024926740681184,False,True,0.0,0.0031622776601683794,0.05024926213290046,0.050249267402359354,0.05024926924104814
Ellipsoid,10,44,102,1,LCB-GPR,2,-123388.7710816316,1011.5463610444912,0.05024926740681184,False,False,,0.0031622776601683794,,,
Ellipsoid,10,44,103,2,Global-RBF,3,0.019538740481323202,0.0724609057890056,0.05024926740681184,False,False,0.12778229173304714,0.0031622776601683794,0.13024634083927822,0.07690624401800505,0.019538740666121157
Ellipsoid,10,44,103,3,Local-RBF,1,0.050249265492379534,,0.05024926740681184,False,True,0.0,0.0031622776601683794,0.05024926549237974,0.05024926739909434,0.050249268364450726
Ellipsoid,10,44,104,1,LCB-GPR,2,-161062.31375455277,1027.1406316761388,0.05024926740681184,False,False,,0.0031622776601683794,,,
Ellipsoid,10,44,105,2,Global-RBF,3,-148.6720423097898,196.88113057432008,0.05024926740681184,False,False,6.213902155622296,0.0031622776601683794,-148.67204233229705,217.6583026913853,217.42752187651072
Ellipsoid,10,44,105,3,Local-RBF,1,-0.016522730951541914,,0.05024926740681184,False,True,0.0,0.0031622776601683794,0.06886409932843349,-0.016522730951541748,0.0810754047962764
Ellipsoid,10,44,106,1,LCB-GPR,2,-67445.80878558458,1023.5822153598863,0.05024926740681184,False,False,,0.0031622776601683794,,,
Ellipsoid,10,44,107,2,Global-RBF,2,0.0038554314298266945,0.03955547969358638,0.03955547969358638,True,False,0.09976735689005242,0.0031622776601683794,0.05249882344958223,0.04190198924703736,0.0038554312432097504
Ellipsoid,10,44,107,2,Global-RBF,3,0.02357884633181584,,0.03955547969358638,False,True,0.0,0.0031622776601683794,0.05963029123120123,0.039555621116562634,0.023578847194528407
Ellipsoid,10,44,107,3,Local-RBF,1,0.03955547738319463,,0.03955547969358638,False,True,0.0,0.0031622776601683794,0.039555477383194676,0.039555479688969844,0.0395554805931317
Ellipsoid,10,44,108,1,LCB-GPR,2,-114805.1225031394,1094.039237333003,0.03955547969358638,False,False,,0.0031622776601683794,,,
Ellipsoid,10,44,108,2,Global-RBF,3,0.024028180327547943,,0.03955547969358638,False,True,0.0,0.0031622776601683794,0.05850272622308239,0.03955561581045686,0.024028182926258523
Ellipsoid,10,44,108,3,Local-RBF,1,0.03955547738319463,,0.03955547969358638,False,True,0.0,0.0031622776601683794,0.039555477383194676,0.039555479688969844,0.0395554805931317
Ellipsoid,10,44,109,1,LCB-GPR,2,-117611.9564404159,1028.2823187860834,0.03955547969358638,False,False,,0.0031622776601683794,,,
Ellipsoid,10,44,109,2,Global-RBF,3,0.02574917349943462,,0.03955547969358638,False,True,0.0,0.0031622776601683794,0.05978642260987499,0.03955556908312019,0.02574917395685361
Ellipsoid,10,44,110,3,Local-RBF,1,0.03883219417695457,0.18409934504261674,0.03955547969358638,False,False,0.03864387329181942,0.0031622776601683794,0.11308632627440796,0.038832194176954604,0.08233203772523758
Rosenbrock,10,42,21,1,LCB-GPR,2,-26204883.585817076,4704.55557851433,1360.0223981575712,False,False,,0.0031622776601683794,,,
Rosenbrock,10,42,22,2,Global-RBF,3,-27120.859412953356,14534.58206393425,1360.0223981575712,False,False,3.901745343560024,0.0031622776601683794,3340.38738719511,-27120.85941295335,611.8676366846785
Rosenbrock,10,42,23,3,Local-RBF,1,-10733.499691036706,25878.819236777897,1360.0223981575712,False,False,5.252475238696881,0.0031622776601683794,1141.848831068346,-10733.499691036706,1582.7863250795892
Rosenbrock,10,42,24,1,LCB-GPR,2,-140658117.33150998,9080.869408609642,1360.0223981575712,False,False,,0.0031622776601683794,,,
Rosenbrock,10,42,25,2,Global-RBF,3,-10172.344122626539,2729.4456487798357,1360.0223981575712,False,False,4.0479565605203405,0.0031622776601683794,-64.70473823958582,-10172.344122626542,3385.1080016530154
Rosenbrock,10,42,26,3,Local-RBF,1,-10892.707521139653,26488.842745593836,1360.0223981575712,False,False,0.10629844714190383,0.0031622776601683794,1141.9746649437602,-10892.707521139651,1582.7863261601383
Rosenbrock,10,42,27,1,LCB-GPR,2,-116245423.39908735,13573.02723437873,1360.0223981575712,False,False,,0.0031622776601683794,,,
Rosenbrock,10,42,28,2,Global-RBF,2,-3226.792944946541,342.99067973760936,342.99067973760936,True,False,3.7285680476957013,0.0031622776601683794,-744.2679116695899,-3226.792944946541,2168.6667517174546
Rosenbrock,10,42,29,2,Global-RBF,3,-1355.8997516710197,1010.3840529842948,342.99067973760936,False,False,2.576844827353094,0.0031622776601683794,67.48583894056537,1142.1867697309408,-1355.8997516710142
Rosenbrock,10,42,30,3,Local-RBF,1,-255779.52976062268,18496.492562622836,342.99067973760936,False,False,4.231510077838864,0.0031622776601683794,188.2419919192231,-255779.52976062297,676.6873663609521
Rosenbrock,10,42,31,1,LCB-GPR,2,-118889575.32354133,9279.46310854622,342.99067973760936,False,False,,0.0031622776601683794,,,
Rosenbrock,10,42,32,2,Global-RBF,2,-1259.301637168036,66.82995254850381,66.82995254850381,True,False,1.9310686221174564,0.0031622776601683794,-1259.3016371679196,-136.18166144027327,-7.445803392327434
Rosenbrock,10,42,33,2,Global-RBF,3,-659.0218165619717,593.9516623873697,66.82995254850381,False,False,2.248914807529622,0.0031622776601683794,1441.9520580538538,-659.0218165619599,2904.798767504083
Rosenbrock,10,42,34,3,Local-RBF,1,-6938.782306462749,14738.983831959244,66.82995254850381,False,False,4.086417835294969,0.0031622776601683794,-188.66391369671112,-6938.782306462751,334.572818227464
Rosenbrock,10,42,35,1,LCB-GPR,2,-112468351.85894087,13127.561248065907,66.82995254850381,False,False,,0.0031622776601683794,,,
Rosenbrock,10,42,36,2,Global-RBF,3,-1168.555050386556,975.6096549881188,66.82995254850381,False,False,2.192714675975491,0.0031622776601683794,69.1972749019651,1305.558854845981,-1168.5550503865343
Rosenbrock,10,42,36,3,Local-RBF,1,-6938.782306462749,,66.82995254850381,False,True,0.0,0.0031622776601683794,-188.66391369671112,-6938.782306462751,334.572818227464
Rosenbrock,10,42,37,1,LCB-GPR,2,-108968183.27334361,14946.659527541891,66.82995254850381,False,False,,0.0031622776601683794,,,
Rosenbrock,10,42,38,2,Global-RBF,3,-1355.4779147832305,2474.9350276400633,66.82995254850381,False,False,2.523759084449887,0.0031622776601683794,166.46203942329976,893.1218285168261,-1355.4779147831614
Rosenbrock,10,42,39,3,Local-RBF,1,-6949.700043550445,16698.382202898723,66.82995254850381,False,False,2.433591307833998,0.0031622776601683794,-183.88299169481718,-6949.700043550445,334.5771269610415
Rosenbrock,10,42,40,1,LCB-GPR,2,-95381176.92842114,12715.738156914991,66.82995254850381,False,False,,0.0031622776601683794,,,
Rosenbrock,10,42,41,2,Global-RBF,3,-722.1061362857145,167.1350936169435,66.82995254850381,False,False,1.384513688918329,0.0031622776601683794,-498.62898619113366,170.56934962036667,-722.1061362858727
Rosenbrock,10,42,42,3,Local-RBF,1,-2432.810175597696,8559.579958692442,66.82995254850381,False,False,1.5378536310143276,0.0031622776601683794,-145.46857167939947,-2432.8101755976963,291.7918038032129
Rosenbrock,10,42,43,1,LCB-GPR,2,-103843654.48596363,19383.028605331867,66.82995254850381,False,False,,0.0031622776601683794,,,
Rosenbrock,10,42,44,2,Global-RBF,3,-999.8264311659514,3939.557224741592,66.82995254850381,False,False,2.495584910727333,0.0031622776601683794,1160.1584519139024,2475.2592750335234,-999.8264311659204
Rosenbrock,10,42,45,3,Local-RBF,1,-2436.2148088837503,9518.647428453809,66.82995254850381,False,False,0.4096306945598141,0.0031622776601683794,-141.72274556789415,-2436.2148088837507,292.0516041840741
Rosenbrock,10,42,46,1,LCB-GPR,2,-78472791.52773805,15927.42694278264,66.82995254850381,False,False,,0.0031622776601683794,,,
Rosenbrock,10,42,47,2,Global-RBF,3,-1188.6888080383078,3099.784457580857,66.82995254850381,False,False,2.2626280577233975,0.0031622776601683794,1328.7854323619913,3000.966000259118,-1188.6888080382514
Rosenbrock,10,42,48,3,Local-RBF,1,-2437.7847170839605,9218.631028030373,66.82995254850381,False,False,0.3784091902953198,0.0031622776601683794,-145.78750277715727,-2437.78471708396,291.8935156748429
Rosenbrock,10,42,49,1,LCB-GPR,2,-87191483.05963816,11923.579828174761,66.82995254850381,False,False,,0.0031622776601683794,,,
Rosenbrock,10,42,50,2,Global-RBF,3,-631.8119458579076,458.90505383786314,66.82995254850381,False,False,1.4457135158911314,0.0031622776601683794,74.177051916653,123.97342753508292,-631.8119458579986
Rosenbrock,10,42,51,3,Local-RBF,1,-8892.232397240345,17133.20626685486,66.82995254850381,False,False,3.6330877662939027,0.0031622776601683794,-109.57465173412487,-8892.232397240346,325.9602512824939
Rosenbrock,10,42,52,1,LCB-GPR,2,-79194260.24155886,17938.891956623378,66.82995254850381,False,False,,0.0031622776601683794,,,
Rosenbrock,10,42,53,2,Global-RBF,3,-369.30185092057036,103.57265710541455,66.82995254850381,False,False,1.1375645656522688,0.0031622776601683794,-125.88538925779449,219.55034770821658,-369.30185092043575
Rosenbrock,10,42,54,3,Local-RBF,1,-4829.42886227279,13139.009150106871,66.82995254850381,False,False,2.450133765697425,0.0031622776601683794,-123.93460835277762,-4829.428862272789,227.8866617904403
Rosenbrock,10,42,55,1,LCB-GPR,2,-61229824.619851805,6844.988390848431,66.82995254850381,False,False,,0.0031622776601683794,,,
Rosenbrock,10,42,56,2,Global-RBF,3,-479.86326408311015,1003.9812479903236,66.82995254850381,False,False,1.7548807524714691,0.0031622776601683794,289.36665105335123,-479.86326408315017,918.6089867350929
Rosenbrock,10,42,57,3,Local-RBF,1,-4835.2152383833645,11165.721094325489,66.82995254850381,False,False,0.5295525178029888,0.0031622776601683794,-127.70476732295975,-4835.215238383363,227.88661980269998
Rosenbrock,10,42,58,1,LCB-GPR,2,-89707968.94751024,13775.500256425352,66.82995254850381,False,False,,0.0031622776601683794,,,
Rosenbrock,10,42,59,2,Global-RBF,3,-391.10075585614504,229.58104747484106,66.82995254850381,False,False,1.583733271267557,0.0031622776601683794,-391.1007558581787,-57.80363507436323,141.89853981339274
Rosenbrock,10,42,60,3,Local-RBF,1,-601.4537387500301,1823.615355581002,66.82995254850381,False,False,2.088137557372553,0.0031622776601683794,87.8829276154508,-601.4537387500302,144.6772861490108
Rosenbrock,10,42,61,1,LCB-GPR,2,-77474263.32669373,12225.345133244615,66.82995254850381,False,False,,0.0031622776601683794,,,
Rosenbrock,10,42,62,2,Global-RBF,3,-278.4228188708712,373.63562336216046,66.82995254850381,False,False,1.3374796092431553,0.0031622776601683794,255.03190590554186,-278.4228188708521,1208.749350107597
Rosenbrock,10,42,63,3,Local-RBF,1,-1555518.0167382944,15438.15435859983,66.82995254850381,False,False,4.020204111363922,0.0031622776601683794,464.0789145246513,-1555518.016738294,213.9571843539182
Rosenbrock,10,42,64,1,LCB-GPR,2,-78837662.83331914,9983.450088764856,66.82995254850381,False,False,,0.0031622776601683794,,,
Rosenbrock,10,42,65,2,Global-RBF,3,-329.52445714402984,376.4832752693941,66.82995254850381,False,False,1.4632609801672778,0.0031622776601683794,230.24590060973242,473.37811702536146,-329.52445714435
Rosenbrock,10,42,66,3,Local-RBF,1,-1641905.2198591996,15782.564462721395,66.82995254850381,False,False,2.0674951401790223,0.0031622776601683794,453.8605954431079,-1641905.2198591996,213.95728911268282
Rosenbrock,10,42,67,1,LCB-GPR,2,-62058383.773531705,14763.458362008567,66.82995254850381,False,False,,0.0031622776601683794,,,
Rosenbrock,10,42,68,2,Global-RBF,3,-250.3035099159497,166.69719842158872,66.82995254850381,False,False,0.9552244082425136,0.0031622776601683794,-21.98218723809623,42.56207450265629,-250.30350991582782
Rosenbrock,10,42,69,3,Local-RBF,1,-633.8052439994902,3682.6626070256675,66.82995254850381,False,False,0.903273765795184,0.0031622776601683794,114.19169090339403,-633.8052439994902,151.99473018651778
Rosenbrock,10,42,70,1,LCB-GPR,2,-52355782.0980471,7325.321805206537,66.82995254850381,False,False,,0.0031622776601683794,,,
Rosenbrock,10,42,71,2,Global-RBF,3,-196.20159855671955,98.93491512234624,66.82995254850381,False,False,0.9984666078672272,0.0031622776601683794,-196.20159855756992,7.309466518159752,64.21058287874985
Rosenbrock,10,42,72,3,Local-RBF,1,-144.30481490667782,469.27665225268447,66.82995254850381,False,False,0.9525342934271909,0.0031622776601683794,118.66177204329624,-144.30481490667782,116.13955870637223
Rosenbrock,10,42,73,1,LCB-GPR,2,-71603191.4581333,13608.044101882086,66.82995254850381,False,False,,0.0031622776601683794,,,
Rosenbrock,10,42,74,2,Global-RBF,3,-1205.6977739596587,4238.369486004466,66.82995254850381,False,False,2.6865100331271874,0.0031622776601683794,1077.7376047246553,2176.873892548907,-1205.697773959706
Rosenbrock,10,42,75,3,Local-RBF,1,-144.38636710250663,470.3775730458606,66.82995254850381,False,False,0.040325544910137984,0.0031622776601683794,118.85329988089241,-144.38636710250657,116.00635490593439
Rosenbrock,10,42,76,1,LCB-GPR,2,-63543060.32416453,10476.161152104516,66.82995254850381,False,False,,0.0031622776601683794,,,
Rosenbrock,10,42,77,2,Global-RBF,3,-373.25389367828393,184.29821856882575,66.82995254850381,False,False,1.1729328482711072,0.0031622776601683794,-141.70093567141066,-32.839836874995854,-373.2538936783385
Rosenbrock,10,42,78,3,Local-RBF,1,-101.12482955988267,475.3548126801863,66.82995254850381,False,False,1.5199484983821718,0.0031622776601683794,95.02053252623139,-101.1248295598827,106.78584673652249
Rosenbrock,10,42,79,1,LCB-GPR,2,-65856375.68666392,14471.687661903166,66.82995254850381,False,False,,0.0031622776601683794,,,
Rosenbrock,10,42,80,2,Global-RBF,3,-157.35203804201046,105.02544309606175,66.82995254850381,False,False,0.8700618127937406,0.0031622776601683794,-50.942834289026905,57.77961580423653,-157.3520380424825
Rosenbrock,10,42,81,3,Local-RBF,1,-116.09071143150973,168.3529674282932,66.82995254850381,False,False,0.9914310160160393,0.0031622776601683794,136.5913032084972,-116.09071143150973,111.496994442057
Rosenbrock,10,42,82,1,LCB-GPR,2,-75683042.08731064,12130.73652579014,66.82995254850381,False,False,,0.0031622776601683794,,,
Rosenbrock,10,42,83,2,Global-RBF,3,-747.2361977760647,2572.7252773111377,66.82995254850381,False,False,2.5074085265996136,0.0031622776601683794,1736.8698902363112,2284.2120906639493,-747.2361977760647
Rosenbrock,10,42,84,3,Local-RBF,1,-40359.69356004001,16918.4986144898,66.82995254850381,False,False,4.159801892581252,0.0031622776601683794,488.3237026998753,-40359.693560039996,132.6058057384971
Rosenbrock,10,42,85,1,LCB-GPR,2,-57083229.43773683,17028.116002165192,66.82995254850381,False,False,,0.0031622776601683794,,,
Rosenbrock,10,42,86,2,Global-RBF,3,-200.8285206100254,347.3570366829754,66.82995254850381,False,False,0.9896341837541369,0.0031622776601683794,-200.82852060817004,-115.22411586272119,150.7139323365045
Rosenbrock,10,42,87,3,Local-RBF,1,-40779.14555795157,17126.94325622776,66.82995254850381,False,False,0.18455727328629185,0.0031622776601683794,490.56412925789743,-40779.14555795155,132.6058057384971
Rosenbrock,10,42,88,1,LCB-GPR,2,-51271433.09399253,10644.787868307627,66.82995254850381,False,False,,0.0031622776601683794,,,
Rosenbrock,10,42,89,2,Global-RBF,3,-213.71403405527963,74.72791321761744,66.82995254850381,False,False,0.7261511088164505,0.0031622776601683794,-61.656187704443255,11.69939508094103,-213.71403405494675
Rosenbrock,10,42,90,3,Local-RBF,1,-632.0094097027215,122.32400825334594,66.82995254850381,False,False,0.881478525680357,0.0031622776601683794,78.78827079567199,-632.0094097027213,97.78612060530754
Rosenbrock,10,42,91,1,LCB-GPR,2,-57538190.0318976,14372.03166725438,66.82995254850381,False,False,,0.0031622776601683794,,,
Rosenbrock,10,42,92,2,Global-RBF,3,-309.6591799339767,781.7960875815246,66.82995254850381,False,False,1.4223990513816713,0.0031622776601683794,410.2174914342404,741.4105400222943,-309.6591799337357
Rosenbrock,10,42,93,3,Local-RBF,3,-11.024658426038442,49.54892793768897,49.54892793768897,True,False,1.2269996895332311,0.0031622776601683794,112.57869234237968,-11.024658426038414,99.12630925907102
Rosenbrock,10,42,94,3,Local-RBF,1,-456124.40564701194,23451.948861443983,49.54892793768897,False,False,4.57140369256115,0.0031622776601683794,247.58012958345063,-456124.40564701206,106.08845659105678
Rosenbrock,10,42,95,1,LCB-GPR,2,-50002199.24500099,13439.171229387284,49.54892793768897,False,False,,0.0031622776601683794,,,
Rosenbrock,10,42,96,2,Global-RBF,3,-143.71432587142044,53.43563359171144,49.54892793768897,False,False,0.7088420204608891,0.0031622776601683794,-44.051030846811045,-21.720714597699953,-143.71432587174695
Rosenbrock,10,42,97,3,Local-RBF,1,-87.98283016431057,103.90247464371889,49.54892793768897,False,False,1.0177614721033827,0.0031622776601683794,28.290336374989366,-87.98283016431054,42.95655149008084
Rosenbrock,10,42,98,1,LCB-GPR,2,-52623562.15044604,9884.525997542825,49.54892793768897,False,False,,0.0031622776601683794,,,
Rosenbrock,10,42,99,2,Global-RBF,3,-1033.4405207813343,1660.76497741842,49.54892793768897,False,False,2.0209008484000046,0.0031622776601683794,331.59206440093203,1032.435074467954,-1033.4405207817144
Rosenbrock,10,42,100,3,Local-RBF,1,-21996.714911834937,17264.803613361622,49.54892793768897,False,False,4.724269714026458,0.0031622776601683794,266.17746493931116,-21996.71491183494,86.47799172404545
Rosenbrock,10,42,101,1,LCB-GPR,2,-50844441.663970865,9416.846940703508,49.54892793768897,False,False,,0.0031622776601683794,,,
Rosenbrock,10,42,102,2,Global-RBF,3,-1302.9533078606682,5055.0973224839045,49.54892793768897,False,False,3.612581290218549,0.0031622776601683794,2720.9717787593554,3754.817266247565,-1302.9533078604263
Rosenbrock,10,42,103,3,Local-RBF,1,-7.250785360444354,111.61774968371111,49.54892793768897,False,False,0.7742087178343569,0.0031622776601683794,100.52013703758496,-7.250785360444368,60.717800160553615
Rosenbrock,10,42,104,1,LCB-GPR,2,-51224813.7131547,9156.770540766045,49.54892793768897,False,False,,0.0031622776601683794,,,
Rosenbrock,10,42,105,2,Global-RBF,3,-1404.5611377618688,4258.921653272719,49.54892793768897,False,False,2.582510473045632,0.0031622776601683794,2010.4292643947074,3218.653868080046,-1404.561137760652
Rosenbrock,10,42,106,3,Local-RBF,1,-59305.72399449688,20147.487921682445,49.54892793768897,False,False,4.338508349724652,0.0031622776601683794,525.7485078755091,-59305.72399449686,88.99196752001201
Rosenbrock,10,42,107,1,LCB-GPR,2,-38766957.733954236,8243.061633601654,49.54892793768897,False,False,,0.0031622776601683794,,,
Rosenbrock,10,42,108,2,Global-RBF,3,-1910.2498993044928,4808.41607805245,49.54892793768897,False,False,3.3299554696853675,0.0031622776601683794,3250.789900188046,4443.64947815421,-1910.2498993045638
Rosenbrock,10,42,109,3,Local-RBF,1,-66331.63613289762,20822.205137220953,49.54892793768897,False,False,3.848406209745728,0.0031622776601683794,530.5847158214411,-66331.6361328976,88.99196752001201
Rosenbrock,10,42,110,1,LCB-GPR,2,-48383866.676236555,11476.541307958789,49.54892793768897,False,False,,0.0031622776601683794,,,
Rosenbrock,10,43,21,1,LCB-GPR,2,-25069970.664301,11505.038855657313,809.5772517428478,False,False,,0.0031622776601683794,,,
Rosenbrock,10,43,22,2,Global-RBF,3,-9720.453866060325,948.6140545203183,809.5772517428478,False,False,3.1740505192085493,0.0031622776601683794,2102.4672126529426,-9720.453866060325,3848.2685315345925
Rosenbrock,10,43,23,3,Local-RBF,1,-38293.78351521176,18192.730680927354,809.5772517428478,False,False,5.132855303379156,0.0031622776601683794,786.1078649963256,-38293.7835152118,879.095653131583
Rosenbrock,10,43,24,1,LCB-GPR,2,-79418922.63944744,13662.347582239769,809.5772517428478,False,False,,0.0031622776601683794,,,
Rosenbrock,10,43,25,2,Global-RBF,3,-2787.2847944361147,1803.7948339549582,809.5772517428478,False,False,3.0406194212901068,0.0031622776601683794,-1192.6145695311543,-2787.284794436113,-919.8195477727013
Rosenbrock,10,43,26,3,Local-RBF,1,-38266.04428707739,24550.464511019472,809.5772517428478,False,False,1.9957271903535725,0.0031622776601683794,785.3209588732509,-38266.044287077406,879.095653131583
Rosenbrock,10,43,27,1,LCB-GPR,2,-122325217.88544771,15091.277027939712,809.5772517428478,False,False,,0.0031622776601683794,,,
Rosenbrock,10,43,28,2,Global-RBF,3,-2314.7791178665248,3254.492599652591,809.5772517428478,False,False,2.5590971316529414,0.0031622776601683794,554.9805387875367,2085.521660684045,-2314.7791178665357
Rosenbrock,10,43,29,3,Local-RBF,1,-38296.52017038785,18977.013289586932,809.5772517428478,False,False,0.8426256204271417,0.0031622776601683794,786.0726901217246,-38296.52017038785,879.095653131583
Rosenbrock,10,43,30,1,LCB-GPR,2,-121130534.3100042,13130.596461519346,809.5772517428478,False,False,,0.0031622776601683794,,,
Rosenbrock,10,43,31,2,Global-RBF,2,-1097.7059676131994,37.634184845017145,37.634184845017145,True,False,1.966447777478523,0.0031622776601683794,-1097.705967613142,-198.03893122604586,273.11445894089775
Rosenbrock,10,43,32,2,Global-RBF,3,-300.70874183588967,211.78463448843178,37.634184845017145,False,False,1.3381423358038391,0.0031622776601683794,691.0239523345244,-300.70874183588694,1468.6059412376644
Rosenbrock,10,43,33,3,Local-RBF,1,-11790.026301574268,11552.52041032221,37.634184845017145,False,False,4.794926853205774,0.0031622776601683794,-241.06098395348533,-11790.02630157426,352.99869035763896
Rosenbrock,10,43,34,1,LCB-GPR,2,-128766368.50191578,13553.204309115747,37.634184845017145,False,False,,0.0031622776601683794,,,
Rosenbrock,10,43,35,2,Global-RBF,3,-1134.6299403338417,2130.3900664105286,37.634184845017145,False,False,2.266881151884946,0.0031622776601683794,-100.32064133735366,2075.017325836462,-1134.629940333848
Rosenbrock,10,43,36,3,Local-RBF,1,-11782.805311126927,11678.426790841024,37.634184845017145,False,False,0.5988456338633457,0.0031622776601683794,-250.9489962601058,-11782.805311126936,352.9986903540924
Rosenbrock,10,43,37,1,LCB-GPR,2,-109980742.40494822,8146.326450041891,37.634184845017145,False,False,,0.0031622776601683794,,,
Rosenbrock,10,43,38,2,Global-RBF,3,-589.6834025382677,181.7255912578288,37.634184845017145,False,False,1.4038184289904048,0.0031622776601683794,-133.91305758288217,477.1393795579743,-589.683402538265
Rosenbrock,10,43,39,3,Local-RBF,1,-5855.4634004999025,8504.164868284908,37.634184845017145,False,False,3.129181927978146,0.0031622776601683794,-35.550131534669134,-5855.463400499902,143.71480353037444
Rosenbrock,10,43,40,1,LCB-GPR,2,-100359140.44325668,15411.526968624301,37.634184845017145,False,False,,0.0031622776601683794,,,
Rosenbrock,10,43,41,2,Global-RBF,3,-347.08044737773344,130.83247132022902,37.634184845017145,False,False,0.8812118837418892,0.0031622776601683794,-89.4998948518305,124.3708911993026,-347.0804473777207
Rosenbrock,10,43,42,3,Local-RBF,1,-7874.715333827303,14464.682405877917,37.634184845017145,False,False,3.767292622549731,0.0031622776601683794,-8.049145886799238,-7874.715333827303,140.49422047620894
Rosenbrock,10,43,43,1,LCB-GPR,2,-99080303.941309,6689.983896338342,37.634184845017145,False,False,,0.0031622776601683794,,,
Rosenbrock,10,43,44,2,Global-RBF,3,-180.43981072336373,405.5844018476528,37.634184845017145,False,False,1.4471219112115297,0.0031622776601683794,593.0480828284026,-180.43981072336646,997.6365743837687
Rosenbrock,10,43,45,3,Local-RBF,1,-7908.655019218821,15159.16209457285,37.634184845017145,False,False,0.505540074166376,0.0031622776601683794,-4.247146032867391,-7908.655019218821,140.4942204770365
Rosenbrock,10,43,46,1,LCB-GPR,2,-90941197.97634573,8383.949450983964,37.634184845017145,False,False,,0.0031622776601683794,,,
Rosenbrock,10,43,47,2,Global-RBF,3,-535.8059888656289,2142.796764612533,37.634184845017145,False,False,2.456232220692479,0.0031622776601683794,484.8464022965418,1342.2063236835475,-535.8059888656189
Rosenbrock,10,43,48,3,Local-RBF,1,-7998.674333877755,15970.243075724877,37.634184845017145,False,False,0.2062769610539143,0.0031622776601683794,-3.6149183477509723,-7998.674333877756,140.4942204773563
Rosenbrock,10,43,49,1,LCB-GPR,2,-100821622.10438831,16538.18162687106,37.634184845017145,False,False,,0.0031622776601683794,,,
Rosenbrock,10,43,50,2,Global-RBF,3,-433.971995680964,772.8111100372778,37.634184845017145,False,False,2.357892544803678,0.0031622776601683794,452.8191379653572,-433.9719956809422,1657.303490002575
Rosenbrock,10,43,51,3,Local-RBF,1,-27405.144142866073,16295.675228701306,37.634184845017145,False,False,2.5090807445651278,0.0031622776601683794,35.719678007759825,-27405.144142866084,193.5120672033731
Rosenbrock,10,43,52,1,LCB-GPR,2,-97951234.99920067,7570.074560915298,37.634184845017145,False,False,,0.0031622776601683794,,,
Rosenbrock,10,43,53,2,Global-RBF,3,-674.1058427367761,4156.7764896648205,37.634184845017145,False,False,2.8352440954505838,0.0031622776601683794,1588.3575852900613,2938.602919456609,-674.1058427368598
Rosenbrock,10,43,54,3,Local-RBF,1,-27292.522922903365,14445.013292045256,37.634184845017145,False,False,0.2983297093820965,0.0031622776601683794,29.831136977716056,-27292.52292290337,193.51188835097702
Rosenbrock,10,43,55,1,LCB-GPR,2,-90140807.44044055,14968.801112654699,37.634184845017145,False,False,,0.0031622776601683794,,,
Rosenbrock,10,43,56,2,Global-RBF,3,-713.69146926749,1140.9269113744688,37.634184845017145,False,False,2.19523470193875,0.0031622776601683794,-295.75804460743893,434.4341768221675,-713.6914692674372
Rosenbrock,10,43,57,3,Local-RBF,1,-27402.182352010783,14930.712397453675,37.634184845017145,False,False,0.1939544918043222,0.0031622776601683794,37.387605123863494,-27402.1823520108,193.51193085096958
Rosenbrock,10,43,58,1,LCB-GPR,2,-77669818.08406158,6190.784836128458,37.634184845017145,False,False,,0.0031622776601683794,,,
Rosenbrock,10,43,59,2,Global-RBF,3,-399.8357036061325,257.27508457875575,37.634184845017145,False,False,1.299305553720934,0.0031622776601683794,-79.72470653821438,362.1322179036015,-399.8357036063071
Rosenbrock,10,43,60,3,Local-RBF,1,-5333.7060186206545,7835.399229499847,37.634184845017145,False,False,4.660986030652157,0.0031622776601683794,-0.06549307913891766,-5333.7060186206545,163.85038537340264
Rosenbrock,10,43,61,1,LCB-GPR,2,-77352336.052047,9779.481796032898,37.634184845017145,False,False,,0.0031622776601683794,,,
Rosenbrock,10,43,62,2,Global-RBF,3,-438.8814178781249,755.3989782397045,37.634184845017145,False,False,2.248752393284534,0.0031622776601683794,650.2567711699803,-438.88141787811674,2040.8461832397988
Rosenbrock,10,43,63,3,Local-RBF,1,-73246.91281324784,13537.161422252362,37.634184845017145,False,False,5.241008042945608,0.0031622776601683794,741.7123540551983,-73246.91281324787,204.13939472257977
Rosenbrock,10,43,64,1,LCB-GPR,2,-95853799.14394066,10232.125036533896,37.634184845017145,False,False,,0.0031622776601683794,,,
Rosenbrock,10,43,65,2,Global-RBF,3,-265.98213419340937,555.4950912527585,37.634184845017145,False,False,2.2934803496498817,0.0031622776601683794,841.9178768849606,-265.98213419347303,2520.92154168695
Rosenbrock,10,43,66,3,Local-RBF,1,-74961.18988221737,16496.837502235776,37.634184845017145,False,False,4.459990534217354,0.0031622776601683794,877.4568727475018,-74961.18988221738,204.13939472691644
Rosenbrock,10,43,67,1,LCB-GPR,2,-101515668.81291261,12295.912985419469,37.634184845017145,False,False,,0.0031622776601683794,,,
Rosenbrock,10,43,68,2,Global-RBF,3,-943.7344724994227,2889.1168357735364,37.634184845017145,False,False,2.5688153183870193,0.0031622776601683794,1349.135273185846,1836.6682957801086,-943.7344724995064
Rosenbrock,10,43,69,3,Local-RBF,1,-75337.08502147619,15512.6345113254,37.634184845017145,False,False,4.658924076529838,0.0031622776601683794,829.9496356415507,-75337.08502147617,204.13939472355202
Rosenbrock,10,43,70,1,LCB-GPR,2,-60777494.09153734,10048.77990011154,37.634184845017145,False,False,,0.0031622776601683794,,,
Rosenbrock,10,43,71,2,Global-RBF,3,-856.0208791946943,1955.0607060119314,37.634184845017145,False,False,1.718189268783688,0.0031622776601683794,532.4994895287036,771.1889696629141,-856.0208791943596
Rosenbrock,10,43,72,3,Local-RBF,1,-101.78018929244348,128.52906276371243,37.634184845017145,False,False,0.9946436187854958,0.0031622776601683794,-5.976554147295815,-101.78018929244348,49.68258958466561
Rosenbrock,10,43,73,1,LCB-GPR,2,-78470941.21394485,16490.226048901546,37.634184845017145,False,False,,0.0031622776601683794,,,
Rosenbrock,10,43,74,2,Global-RBF,3,-2406.6310168731197,5943.114797037866,37.634184845017145,False,False,3.1875560879503624,0.0031622776601683794,3194.9502541607862,6773.850274776999,-2406.631016873076
Rosenbrock,10,43,75,3,Local-RBF,1,-44052.80053211421,14370.1536037105,37.634184845017145,False,False,4.56563723368333,0.0031622776601683794,797.6232216929636,-44052.800532114205,193.33791874004925
Rosenbrock,10,43,76,1,LCB-GPR,2,-85699148.97707267,12384.504618469868,37.634184845017145,False,False,,0.0031622776601683794,,,
Rosenbrock,10,43,77,2,Global-RBF,3,-411.14729614639873,212.59593713413284,37.634184845017145,False,False,1.140174778811528,0.0031622776601683794,-163.6145256719501,98.02602309592203,-411.1472961463296
Rosenbrock,10,43,78,3,Local-RBF,1,-106466.39076313938,11082.975996098929,37.634184845017145,False,False,4.496489232526693,0.0031622776601683794,142.61911310721092,-106466.39076313938,165.76813805494896
Rosenbrock,10,43,79,1,LCB-GPR,2,-60414041.8674047,10146.505211239493,37.634184845017145,False,False,,0.0031622776601683794,,,
Rosenbrock,10,43,80,2,Global-RBF,3,-1063.8059239724844,7218.992475705449,37.634184845017145,False,False,3.133956855894416,0.0031622776601683794,3165.5558318677586,4878.7020274217575,-1063.8059239729319
Rosenbrock,10,43,81,3,Local-RBF,1,-41685.47822622005,14557.432019110567,37.634184845017145,False,False,4.291746282040083,0.0031622776601683794,864.0240691704956,-41685.47822622006,195.74517099559597
Rosenbrock,10,43,82,1,LCB-GPR,2,-69740443.74663112,11174.758669029772,37.634184845017145,False,False,,0.0031622776601683794,,,
Rosenbrock,10,43,83,2,Global-RBF,3,-321.5916366356505,179.64048367541005,37.634184845017145,False,False,1.0992230323363639,0.0031622776601683794,-321.5916366346464,-201.7649995547754,-153.34074773942666
Rosenbrock,10,43,84,3,Local-RBF,1,-12695.700603226593,5331.889999424718,37.634184845017145,False,False,2.7050825935269533,0.0031622776601683794,109.16374992802707,-12695.700603226607,167.50214557711803
Rosenbrock,10,43,85,1,LCB-GPR,2,-43499916.58975274,18787.952168106975,37.634184845017145,False,False,,0.0031622776601683794,,,
Rosenbrock,10,43,86,2,Global-RBF,3,-158.3152029690773,676.4318222198489,37.634184845017145,False,False,2.262159016649177,0.0031622776601683794,199.5614208601064,-158.3152029690782,2265.527845339504
Rosenbrock,10,43,87,3,Local-RBF,1,-12706.447454063496,5020.03242124188,37.634184845017145,False,False,0.2322402151850408,0.0031622776601683794,110.13923788713458,-12706.447454063504,167.50213284437422
Rosenbrock,10,43,88,1,LCB-GPR,2,-63569005.171764545,7690.060826444492,37.634184845017145,False,False,,0.0031622776601683794,,,
Rosenbrock,10,43,89,2,Global-RBF,3,-228.58907342202565,191.00104223999506,37.634184845017145,False,False,0.8792248755344417,0.0031622776601683794,3.338515690209533,25.124658614642613,-228.5890734221657
Rosenbrock,10,43,90,3,Local-RBF,1,-32830.20528237079,17657.068256896426,37.634184845017145,False,False,2.249432988539075,0.0031622776601683794,261.78880279144585,-32830.2052823708,159.21792596657295
Rosenbrock,10,43,91,1,LCB-GPR,2,-60844492.609978594,10288.879435243449,37.634184845017145,False,False,,0.0031622776601683794,,,
Rosenbrock,10,43,92,2,Global-RBF,3,-878.3962425060136,5297.721274402342,37.634184845017145,False,False,2.741332247824834,0.0031622776601683794,3343.402882954064,4824.688434053921,-878.3962425059171
Rosenbrock,10,43,93,3,Local-RBF,1,-18783.890268568375,15324.174233997002,37.634184845017145,False,False,1.3169580419606388,0.0031622776601683794,306.8110817211506,-18783.89026856837,170.11316581144996
Rosenbrock,10,43,94,1,LCB-GPR,2,-38646304.53352067,10774.633366566317,37.634184845017145,False,False,,0.0031622776601683794,,,
Rosenbrock,10,43,95,2,Global-RBF,3,-1549.251933662118,4908.064711929135,37.634184845017145,False,False,2.5586858662500234,0.0031622776601683794,3186.030576238627,3628.8346052368806,-1549.2519336619762
Rosenbrock,10,43,96,3,Local-RBF,1,-20595.828808977305,15731.022600964927,37.634184845017145,False,False,3.5561571796334475,0.0031622776601683794,327.36978232523734,-20595.82880897731,170.1131658114818
Rosenbrock,10,43,97,1,LCB-GPR,2,-45420581.52913105,13290.199926306335,37.634184845017145,False,False,,0.0031622776601683794,,,
Rosenbrock,10,43,98,2,Global-RBF,3,-234.89440766979533,78.86286793639508,37.634184845017145,False,False,0.8524656939614402,0.0031622776601683794,2.8293157147736565,170.6009653728579,-234.89440766911503
Rosenbrock,10,43,99,3,Local-RBF,1,-155131.5306381814,16821.011948052463,37.634184845017145,False,False,3.6325565241686433,0.0031622776601683794,238.8292155602029,-155131.5306381814,150.28958618453353
Rosenbrock,10,43,100,1,LCB-GPR,2,-48152605.129277654,13400.331216030514,37.634184845017145,False,False,,0.0031622776601683794,,,
Rosenbrock,10,43,101,2,Global-RBF,3,-87.4035851461822,98.92726356241207,37.634184845017145,False,False,0.7256045352477216,0.0031622776601683794,-43.022308000802695,-87.40358514607942,111.08849775140698
Rosenbrock,10,43,102,3,Local-RBF,1,-68580.13697030253,16156.291965575905,37.634184845017145,False,False,2.93711739915168,0.0031622776601683794,279.99980409609765,-68580.13697030254,145.15335392247778
Rosenbrock,10,43,103,1,LCB-GPR,2,-51420717.14332295,10170.03599944285,37.634184845017145,False,False,,0.0031622776601683794,,,
Rosenbrock,10,43,104,2,Global-RBF,3,-143.03962929237514,293.53876977537004,37.634184845017145,False,False,0.8978986545144063,0.0031622776601683794,88.37231478740614,113.00308360512554,-143.03962929164027
Rosenbrock,10,43,105,3,Local-RBF,1,-70263.67011020784,19659.22668637111,37.634184845017145,False,False,4.942492548599409,0.0031622776601683794,335.5465285208166,-70263.67011020782,145.15335392242858
Rosenbrock,10,43,106,1,LCB-GPR,2,-51211434.35547654,12555.797400747164,37.634184845017145,False,False,,0.0031622776601683794,,,
Rosenbrock,10,43,107,2,Global-RBF,3,-2978.1526465692814,2857.077862761071,37.634184845017145,False,False,3.068746093322531,0.0031622776601683794,3454.20415686659,5166.331919163357,-2978.152646569629
Rosenbrock,10,43,108,3,Local-RBF,1,-75763.99115904777,21508.587357985594,37.634184845017145,False,False,3.5710538701803793,0.0031622776601683794,273.5275523749516,-75763.99115904777,145.1533539223986
Rosenbrock,10,43,109,1,LCB-GPR,2,-50508364.017925575,9561.989066677736,37.634184845017145,False,False,,0.0031622776601683794,,,
Rosenbrock,10,43,110,2,Global-RBF,3,-197.13335494564126,88.48819125645322,37.634184845017145,False,False,0.8666866734628789,0.0031622776601683794,31.034250715078088,47.98681021173252,-197.13335494560852
Rosenbrock,10,44,21,1,LCB-GPR,2,-27119945.13128481,11620.139463985395,546.2071638023767,False,False,,0.0031622776601683794,,,
Rosenbrock,10,44,22,2,Global-RBF,3,-28554.377197344664,14499.082951292537,546.2071638023767,False,False,5.1761057587302615,0.0031622776601683794,3769.6100091599656,-28554.377197344664,1379.5260173702359
Rosenbrock,10,44,23,3,Local-RBF,1,-52020.00449272262,15450.851303968655,546.2071638023767,False,False,5.641831834014552,0.0031622776601683794,297.70593896945877,-52020.004492722626,933.455816278198
Rosenbrock,10,44,24,1,LCB-GPR,2,-80659556.67712435,19276.083900182963,546.2071638023767,False,False,,0.0031622776601683794,,,
Rosenbrock,10,44,25,2,Global-RBF,2,-4603.526050632688,402.72633828157876,402.72633828157876,True,False,3.2825233268505047,0.0031622776601683794,-226.87157645789466,-4603.526050632682,3684.7332847552816
Rosenbrock,10,44,26,2,Global-RBF,2,-1567.1740536276848,116.98791918249667,116.98791918249667,True,False,1.9833320128322083,0.0031622776601683794,-1567.1740536277002,-1173.1425269669307,-101.77039774939385
Rosenbrock,10,44,27,2,Global-RBF,3,-1980.1892180586392,1489.2849178243448,116.98791918249667,False,False,2.46466209708413,0.0031622776601683794,24.65914722603702,1710.7800559449233,-1980.1892180586328
Rosenbrock,10,44,28,3,Local-RBF,1,-20337.852670165037,14260.826106364519,116.98791918249667,False,False,0.55871068312167,0.0031622776601683794,-23.358396879155123,-20337.85267016504,259.8571287320377
Rosenbrock,10,44,29,1,LCB-GPR,2,-110232313.98860466,14693.646541048098,116.98791918249667,False,False,,0.0031622776601683794,,,
Rosenbrock,10,44,30,2,Global-RBF,3,-703.7995311224113,713.2445776817937,116.98791918249667,False,False,2.068709237337308,0.0031622776601683794,-182.37128082655272,38.03208371856999,-703.7995311224149
Rosenbrock,10,44,31,3,Local-RBF,1,-603.6084000906213,867.4938342120529,116.98791918249667,False,False,2.4299987346274956,0.0031622776601683794,-34.201114087564406,-603.6084000906213,292.8259734675727
Rosenbrock,10,44,32,1,LCB-GPR,2,-108885578.48870085,9959.967468144212,116.98791918249667,False,False,,0.0031622776601683794,,,
Rosenbrock,10,44,33,2,Global-RBF,3,-466.46296719469774,532.4669691837116,116.98791918249667,False,False,2.087919587231374,0.0031622776601683794,1052.2365646343933,-466.4629671947032,2092.118938636439
Rosenbrock,10,44,34,3,Local-RBF,1,-1233.7750569573566,9374.205653925925,116.98791918249667,False,False,3.3112045166342043,0.0031622776601683794,-58.736144765911035,-1233.7750569573561,329.6149886928978
Rosenbrock,10,44,35,1,LCB-GPR,2,-105651613.86655807,7434.434074114855,116.98791918249667,False,False,,0.0031622776601683794,,,
Rosenbrock,10,44,36,2,Global-RBF,3,-1240.6425372129825,2078.0387133236422,116.98791918249667,False,False,2.144003742413689,0.0031622776601683794,124.61386286269317,199.71721141146463,-1240.6425372129734
Rosenbrock,10,44,37,3,Local-RBF,1,-1232.7030446633407,8845.976703603616,116.98791918249667,False,False,0.24088907969084788,0.0031622776601683794,-63.42692289226835,-1232.7030446633407,327.18701105377204
Rosenbrock,10,44,38,1,LCB-GPR,2,-97892047.86447442,17376.93480684904,116.98791918249667,False,False,,0.0031622776601683794,,,
Rosenbrock,10,44,39,2,Global-RBF,3,-1397.6462328559628,3107.6513857733667,116.98791918249667,False,False,1.9406776187535661,0.0031622776601683794,-595.0603733796315,926.7258628485188,-1397.6462328559728
Rosenbrock,10,44,40,3,Local-RBF,1,-1235.8568464870332,9293.898026879033,116.98791918249667,False,False,0.14011939087485006,0.0031622776601683794,-61.3549070753391,-1235.8568464870332,327.502782178448
Rosenbrock,10,44,41,1,LCB-GPR,2,-106904911.93623304,17089.761980971667,116.98791918249667,False,False,,0.0031622776601683794,,,
Rosenbrock,10,44,42,2,Global-RBF,3,-534.2445796686497,488.65446192206196,116.98791918249667,False,False,1.9633097232471455,0.0031622776601683794,-117.44887344575454,-534.2445796686634,648.9456818158724
Rosenbrock,10,44,43,3,Local-RBF,1,-2447.988097358512,5065.520993848091,116.98791918249667,False,False,3.167097456866747,0.0031622776601683794,-69.58126812939173,-2447.9880973585123,373.8880178185532
Rosenbrock,10,44,44,1,LCB-GPR,2,-104910308.76471205,14769.70838494173,116.98791918249667,False,False,,0.0031622776601683794,,,
Rosenbrock,10,44,45,2,Global-RBF,3,-708.9884547474439,1229.2337954271977,116.98791918249667,False,False,2.1790507099333682,0.0031622776601683794,588.1768887735789,-708.9884547474421,1606.4570120216285
Rosenbrock,10,44,46,3,Local-RBF,1,-2435.99970128669,4929.689223426934,116.98791918249667,False,False,0.43352537278997466,0.0031622776601683794,-67.20676348875315,-2435.99970128669,373.81953260222537
Rosenbrock,10,44,47,1,LCB-GPR,2,-98557054.6257813,16249.477649864024,116.98791918249667,False,False,,0.0031622776601683794,,,
Rosenbrock,10,44,48,2,Global-RBF,3,-906.5522044676782,2060.125469383423,116.98791918249667,False,False,1.9793772818793514,0.0031622776601683794,64.8975019786667,1483.2693210533325,-906.5522044677018
Rosenbrock,10,44,49,3,Local-RBF,1,-2442.2480761949882,4805.858776631488,116.98791918249667,False,False,0.21726736274323125,0.0031622776601683794,-67.03579293046243,-2442.248076194989,373.61083433385505
Rosenbrock,10,44,50,1,LCB-GPR,2,-93037340.72647889,13649.141697562161,116.98791918249667,False,False,,0.0031622776601683794,,,
Rosenbrock,10,44,51,2,Global-RBF,3,-1087.3172090022954,3764.3654794431895,116.98791918249667,False,False,2.147869108843849,0.0031622776601683794,981.713115189681,2821.067909726262,-1087.3172090022908
Rosenbrock,10,44,52,3,Local-RBF,1,-2464.9778969277295,1721.4880535498812,116.98791918249667,False,False,2.102272293455545,0.0031622776601683794,194.5562134654032,-2464.97789692773,319.93803771934193
Rosenbrock,10,44,53,1,LCB-GPR,2,-85708811.31753445,16650.124379378536,116.98791918249667,False,False,,0.0031622776601683794,,,
Rosenbrock,10,44,54,2,Global-RBF,3,-473.0593520574257,230.00240943585632,116.98791918249667,False,False,1.2705682018544737,0.0031622776601683794,-221.90266621654064,191.08414606878887,-473.0593520573675
Rosenbrock,10,44,55,3,Local-RBF,1,-2290.5535034689697,4611.918753476399,116.98791918249667,False,False,0.35399487563520254,0.0031622776601683794,105.31046299540847,-2290.553503468969,350.3627767776391
Rosenbrock,10,44,56,1,LCB-GPR,2,-88481636.75388633,13280.610842007502,116.98791918249667,False,False,,0.0031622776601683794,,,
Rosenbrock,10,44,57,2,Global-RBF,3,-315.06749424573445,764.4675462170645,116.98791918249667,False,False,1.5172568773046198,0.0031622776601683794,219.11755609186366,-315.06749424573445,791.3397567666279
Rosenbrock,10,44,58,3,Local-RBF,1,-2304.1607504720528,4986.901696593126,116.98791918249667,False,False,0.24658601401455058,0.0031622776601683794,100.93006765396814,-2304.1607504720528,350.0047985605701
Rosenbrock,10,44,59,1,LCB-GPR,2,-74238651.95442803,9796.048164901022,116.98791918249667,False,False,,0.0031622776601683794,,,
Rosenbrock,10,44,60,2,Global-RBF,3,-383.60445475941833,326.1837653783333,116.98791918249667,False,False,1.406345251279781,0.0031622776601683794,-155.96909819641223,172.92076373310647,-383.60445475924917
Rosenbrock,10,44,61,3,Local-RBF,1,-1062.7092261621883,4126.26509061471,116.98791918249667,False,False,1.6758312422036252,0.0031622776601683794,-5.038636711202457,-1062.709226162189,320.6184321935974
Rosenbrock,10,44,62,1,LCB-GPR,2,-76735562.36579023,11587.16118506143,116.98791918249667,False,False,,0.0031622776601683794,,,
Rosenbrock,10,44,63,2,Global-RBF,3,-727.4329503273811,484.1348521353061,116.98791918249667,False,False,2.299040578995537,0.0031622776601683794,-29.782045462485257,475.3612141315116,-727.4329503272238
Rosenbrock,10,44,64,3,Local-RBF,1,-1114.3850441709226,2761.0670763101116,116.98791918249667,False,False,2.4713992956459103,0.0031622776601683794,-21.388894993357667,-1114.3850441709226,263.6584962635583
Rosenbrock,10,44,65,1,LCB-GPR,2,-76221350.53977472,11725.072969240875,116.98791918249667,False,False,,0.0031622776601683794,,,
Rosenbrock,10,44,66,2,Global-RBF,3,-234.72417480354216,536.7451082714922,116.98791918249667,False,False,1.8685912720030677,0.0031622776601683794,343.0213232342194,-234.72417480352306,809.5110575536273
Rosenbrock,10,44,67,3,Local-RBF,1,-1117.6365196397885,2583.4302428938827,116.98791918249667,False,False,0.22489399953400707,0.0031622776601683794,-24.335701779061594,-1117.6365196397892,256.288772418221
Rosenbrock,10,44,68,1,LCB-GPR,2,-72813018.84359613,18458.44441400558,116.98791918249667,False,False,,0.0031622776601683794,,,
Rosenbrock,10,44,69,2,Global-RBF,3,-428.3427308868613,124.16496980805243,116.98791918249667,False,False,1.1275100282784074,0.0031622776601683794,-314.6373408921427,18.22490228612969,-428.3427308866376
Rosenbrock,10,44,70,3,Local-RBF,1,-937.4200750228783,2834.2536407080024,116.98791918249667,False,False,2.4415375739084904,0.0031622776601683794,174.19999444083402,-937.4200750228783,250.61379463976823
Rosenbrock,10,44,71,1,LCB-GPR,2,-65477688.74421515,11981.416725392437,116.98791918249667,False,False,,0.0031622776601683794,,,
Rosenbrock,10,44,72,2,Global-RBF,3,-345.0952327584664,223.65392414798907,116.98791918249667,False,False,1.300715657809378,0.0031622776601683794,-131.59991269517468,192.8673631122483,-345.09523275833453
Rosenbrock,10,44,73,3,Local-RBF,1,-433.36262617909637,1667.1125158259597,116.98791918249667,False,False,0.8152221569196556,0.0031622776601683794,128.9214660869393,-433.36262617909637,223.58785138842674
Rosenbrock,10,44,74,1,LCB-GPR,2,-62367764.043051854,15513.619495059516,116.98791918249667,False,False,,0.0031622776601683794,,,
Rosenbrock,10,44,75,2,Global-RBF,3,-316.5326547463701,251.47750881404252,116.98791918249667,False,False,1.5128683711795798,0.0031622776601683794,225.80901422126317,-316.53265474639375,702.1428356964243
Rosenbrock,10,44,76,3,Local-RBF,1,-3335.720427712549,10794.585761771874,116.98791918249667,False,False,3.861492251533728,0.0031622776601683794,77.13894465717487,-3335.720427712549,239.30637676514542
Rosenbrock,10,44,77,1,LCB-GPR,2,-66250133.58737001,12900.625714310483,116.98791918249667,False,False,,0.0031622776601683794,,,
Rosenbrock,10,44,78,2,Global-RBF,3,-296.6033529029701,175.8377961342576,116.98791918249667,False,False,1.336771162181129,0.0031622776601683794,-296.603352904267,11.428307250799662,19.127727357546064
Rosenbrock,10,44,79,3,Local-RBF,1,-85790.83794460824,14256.947328922844,116.98791918249667,False,False,5.121234211668401,0.0031622776601683794,578.0470454911281,-85790.8379446082,206.90118589360762
Rosenbrock,10,44,80,1,LCB-GPR,2,-60428475.47282099,10822.640408922714,116.98791918249667,False,False,,0.0031622776601683794,,,
Rosenbrock,10,44,81,2,Global-RBF,3,-591.6858858844898,1471.5520055833672,116.98791918249667,False,False,1.9830227372162044,0.0031622776601683794,930.069888234927,1757.3758333337319,-591.685885884649
Rosenbrock,10,44,82,3,Local-RBF,1,-1156.8518320832395,7055.189179380635,116.98791918249667,False,False,2.1004456703090284,0.0031622776601683794,24.11872197553899,-1156.85183208324,230.0467250872632
Rosenbrock,10,44,83,1,LCB-GPR,2,-56032136.51932546,14481.821307036402,116.98791918249667,False,False,,0.0031622776601683794,,,
Rosenbrock,10,44,84,2,Global-RBF,3,-458.6812142997842,200.30235500672512,116.98791918249667,False,False,1.008507194900093,0.0031622776601683794,-83.6641945803949,178.53159050100385,-458.68121429946314
Rosenbrock,10,44,85,3,Local-RBF,1,-29814.103910424714,14263.585453862652,116.98791918249667,False,False,3.065816351686761,0.0031622776601683794,369.89279509293755,-29814.103910424717,206.0763095586792
Rosenbrock,10,44,86,1,LCB-GPR,2,-49771609.947996385,8421.605101099434,116.98791918249667,False,False,,0.0031622776601683794,,,
Rosenbrock,10,44,87,2,Global-RBF,3,-184.8085639565661,183.68818928110065,116.98791918249667,False,False,1.2276362169329376,0.0031622776601683794,-184.8085639578776,78.41211062889033,114.48241791711644
Rosenbrock,10,44,88,3,Local-RBF,1,-11694.176739939392,13240.60919771014,116.98791918249667,False,False,3.0511331216109254,0.0031622776601683794,106.43997146597117,-11694.176739939392,188.26438375280622
Rosenbrock,10,44,89,1,LCB-GPR,2,-54827083.795065455,22252.589161591713,116.98791918249667,False,False,,0.0031622776601683794,,,
Rosenbrock,10,44,90,2,Global-RBF,3,-240.1900161318872,871.453094665146,116.98791918249667,False,False,1.6713639018983764,0.0031622776601683794,222.292470503593,511.6449100055379,-240.19001613168712
Rosenbrock,10,44,91,3,Local-RBF,1,-30970.75023912949,13698.986290973065,116.98791918249667,False,False,4.502138623263334,0.0031622776601683794,361.21133748419857,-30970.75023912948,203.58875035242582
Rosenbrock,10,44,92,1,LCB-GPR,2,-47924860.32415983,12870.421197882673,116.98791918249667,False,False,,0.0031622776601683794,,,
Rosenbrock,10,44,93,2,Global-RBF,3,-284.94883647058305,2919.2115342159627,116.98791918249667,False,False,1.5567045621705757,0.0031622776601683794,434.0161939699492,684.4380679154528,-284.948836470624
Rosenbrock,10,44,94,3,Local-RBF,1,-28829.769447511506,17056.27840284524,116.98791918249667,False,False,4.429685008633691,0.0031622776601683794,331.54137138889706,-28829.7694475115,203.5887572907407
Rosenbrock,10,44,95,1,LCB-GPR,2,-53363398.85013511,12967.292395376433,116.98791918249667,False,False,,0.0031622776601683794,,,
Rosenbrock,10,44,96,2,Global-RBF,3,-1079.0750986240837,3126.768761873625,116.98791918249667,False,False,2.182007005726259,0.0031622776601683794,318.5378262119548,1372.0454948725992,-1079.07509862406
Rosenbrock,10,44,97,3,Local-RBF,1,-31403.74525501298,11443.329690199213,116.98791918249667,False,False,3.8439602482485986,0.0031622776601683794,363.2927258941538,-31403.74525501297,203.58875035384781
Rosenbrock,10,44,98,1,LCB-GPR,2,-68356740.12795372,13681.647103325306,116.98791918249667,False,False,,0.0031622776601683794,,,
Rosenbrock,10,44,99,2,Global-RBF,3,-1472.9358266674399,1837.5052568306646,116.98791918249667,False,False,2.7561581940782776,0.0031622776601683794,875.3322685649437,2287.5485943104395,-1472.9358266672725
Rosenbrock,10,44,100,3,Local-RBF,1,-28506.506484259193,11439.944135233194,116.98791918249667,False,False,4.230734492703082,0.0031622776601683794,347.3623458589543,-28506.506484259196,203.5887380230637
Rosenbrock,10,44,101,1,LCB-GPR,2,-52371010.24043263,13134.615463310529,116.98791918249667,False,False,,0.0031622776601683794,,,
Rosenbrock,10,44,102,2,Global-RBF,2,-408.10641119627235,64.82357206420834,64.82357206420834,True,False,1.0831024920312347,0.0031622776601683794,-104.49708235034723,9.025973421543313,-408.1064111960877
Rosenbrock,10,44,103,2,Global-RBF,3,-357.13540103515606,1025.0199419794587,64.82357206420834,False,False,1.7594810404481063,0.0031622776601683794,-10.028990492768571,236.70164947358626,-357.1354010350733
Rosenbrock,10,44,104,3,Local-RBF,1,-37647.83060369421,14751.761593040072,64.82357206420834,False,False,1.8058277572544328,0.0031622776601683794,813.3764822757458,-37647.83060369421,189.7122409290417
Rosenbrock,10,44,105,1,LCB-GPR,2,-43499118.40574136,9141.837549770082,64.82357206420834,False,False,,0.0031622776601683794,,,
Rosenbrock,10,44,106,2,Global-RBF,3,-1317.7643120530993,2110.235039367698,64.82357206420834,False,False,1.9563229898675536,0.0031622776601683794,1146.7211392192185,2038.1319262337393,-1317.7643120530229
Rosenbrock,10,44,107,3,Local-RBF,1,-36564.82887487447,11753.610209908555,64.82357206420834,False,False,1.4419848388087833,0.0031622776601683794,838.7472027309127,-36564.82887487447,189.71224093039885
Rosenbrock,10,44,108,1,LCB-GPR,2,-41789212.25192057,14907.073373787025,64.82357206420834,False,False,,0.0031622776601683794,,,
Rosenbrock,10,44,109,2,Global-RBF,3,-388.5002718657033,535.1097357312443,64.82357206420834,False,False,1.6718625785863765,0.0031622776601683794,-388.50027186010993,62.15530359357945,202.6910412021989
Rosenbrock,10,44,110,3,Local-RBF,1,-33888.164379302616,11429.981826436459,64.82357206420834,False,False,3.0046067028463233,0.0031622776601683794,861.2104973752753,-33888.164379302616,189.71224104391723
Ackley,10,42,21,1,LCB-GPR,1,20.285023255083637,20.30358079824006,20.30358079824006,True,False,,0.0031622776601683794,,,
Ackley,10,42,22,1,LCB-GPR,2,20.22523625526646,20.77846352901594,20.30358079824006,False,False,,0.0031622776601683794,,,
Ackley,10,42,23,2,Global-RBF,2,18.12473152149347,19.260282600687756,19.260282600687756,True,False,58.69179882175466,0.0031622776601683794,20.47204605400212,18.12473152149347,21.01661892290564
Ackley,10,42,24,2,Global-RBF,3,18.747320411187808,21.101953996790343,19.260282600687756,False,False,27.880410987102906,0.0031622776601683794,19.335529218997465,19.790915115914387,18.747320411187804
Ackley,10,42,25,3,Local-RBF,1,-12.332613924159059,21.63445928095696,19.260282600687756,False,False,71.43782927785047,0.0031622776601683794,19.031242248889278,-12.332613924159059,19.781931699463858
Ackley,10,42,26,1,LCB-GPR,1,19.14006038520513,18.440597009646623,18.440597009646623,True,False,,0.0031622776601683794,,,
Ackley,10,42,27,1,LCB-GPR,1,18.16455125354584,17.492050621284267,17.492050621284267,True,False,,0.0031622776601683794,,,
Ackley,10,42,28,1,LCB-GPR,2,16.742932999959997,19.117079049440434,17.492050621284267,False,False,,0.0031622776601683794,,,
Ackley,10,42,29,2,Global-RBF,3,7.726186981158904,21.932961352043566,17.492050621284267,False,False,84.65907325676022,0.0031622776601683794,24.26691020970144,7.726186981158932,21.038910545098194
Ackley,10,42,30,3,Local-RBF,1,-6889.812822098435,21.924037818771037,17.492050621284267,False,False,78.52622011087225,0.0031622776601683794,17.478824224327674,-6889.812822098431,17.966323815465444
Ackley,10,42,31,1,LCB-GPR,2,16.75228022208308,18.169186358896248,17.492050621284267,False,False,,0.0031622776601683794,,,
Ackley,10,42,32,2,Global-RBF,3,15.002725755043016,19.90592632794152,17.492050621284267,False,False,37.38790877554744,0.0031622776601683794,16.010021673005944,17.533639420301107,15.00272575504301
Ackley,10,42,33,3,Local-RBF,1,-10.652318543402718,21.319285779356193,17.492050621284267,False,False,45.6508585356066,0.0031622776601683794,16.993414647278023,-10.65231854340271,18.033944663275715
Ackley,10,42,34,1,LCB-GPR,2,16.52998657437889,18.150282696709723,17.492050621284267,False,False,,0.0031622776601683794,,,
Ackley,10,42,35,2,Global-RBF,3,15.745605218400197,20.0354449379038,17.492050621284267,False,False,38.60171779586702,0.0031622776601683794,16.84633735483999,18.860861990358885,15.745605218400213
Ackley,10,42,36,3,Local-RBF,1,-9.285410854367722,21.54551068852646,17.492050621284267,False,False,80.62531186614775,0.0031622776601683794,17.176495903623223,-9.285410854367733,17.93717322563008
Ackley,10,42,37,1,LCB-GPR,2,16.38202365038653,19.526917329278806,17.492050621284267,False,False,,0.0031622776601683794,,,
Ackley,10,42,38,2,Global-RBF,3,15.632462644455677,20.708959745905787,17.492050621284267,False,False,44.17988801250064,0.0031622776601683794,17.621105268530552,19.39295531646845,15.632462644455668
Ackley,10,42,39,3,Local-RBF,1,-9.254534678165918,21.82500768280286,17.492050621284267,False,False,8.300724555965173,0.0031622776601683794,17.192846375132966,-9.254534678165896,17.93717322563008
Ackley,10,42,40,1,LCB-GPR,2,16.589595728799246,19.791867814026112,17.492050621284267,False,False,,0.0031622776601683794,,,
Ackley,10,42,41,2,Global-RBF,3,15.864212597191507,19.95120417337564,17.492050621284267,False,False,30.708213537523083,0.0031622776601683794,17.218404347710518,18.788378912716656,15.864212597191596
Ackley,10,42,42,3,Local-RBF,1,-219.05329537972318,21.566820438755805,17.492050621284267,False,False,30.171095896113954,0.0031622776601683794,16.861884718926895,-219.05329537972335,18.063029171634213
Ackley,10,42,43,1,LCB-GPR,2,16.724496989280873,18.13975862698315,17.492050621284267,False,False,,0.0031622776601683794,,,
Ackley,10,42,44,2,Global-RBF,2,16.24536865719157,15.21205916793344,15.21205916793344,True,False,32.1973325709646,0.0031622776601683794,17.18666167700709,18.690241836119363,16.245368657191403
Ackley,10,42,45,2,Global-RBF,3,14.680079899446357,19.463115432812717,15.21205916793344,False,False,21.802268141753547,0.0031622776601683794,14.850779638845841,15.273887860909024,14.680079899446191
Ackley,10,42,46,3,Local-RBF,1,-52.599828312264506,21.573803476904825,15.21205916793344,False,False,78.13825901600558,0.0031622776601683794,14.450269637819371,-52.599828312264506,17.248537678924272
Ackley,10,42,47,1,LCB-GPR,2,12.70585246494143,17.75577473592238,15.21205916793344,False,False,,0.0031622776601683794,,,
Ackley,10,42,48,2,Global-RBF,3,13.905653557184419,17.26293620605697,15.21205916793344,False,False,21.41696420253047,0.0031622776601683794,14.384115832791073,15.737142472638494,13.905653557184296
Ackley,10,42,49,3,Local-RBF,1,-60.28769996309099,21.632628136875585,15.21205916793344,False,False,64.26831764043929,0.0031622776601683794,14.228769967125231,-60.28769996309102,16.930578099764396
Ackley,10,42,50,1,LCB-GPR,2,12.549263760134712,19.725671328785733,15.21205916793344,False,False,,0.0031622776601683794,,,
Ackley,10,42,51,2,Global-RBF,3,12.893614471419461,19.17509259476373,15.21205916793344,False,False,32.744972285187735,0.0031622776601683794,15.019769777107538,17.17748612676507,12.89361447141938
Ackley,10,42,52,3,Local-RBF,1,-276.48568356140953,21.697440032042312,15.21205916793344,False,False,69.35313483348693,0.0031622776601683794,22.742076662477974,-276.48568356140953,17.172550653034993
Ackley,10,42,53,1,LCB-GPR,2,12.797203507048863,18.51686637144092,15.21205916793344,False,False,,0.0031622776601683794,,,
Ackley,10,42,54,2,Global-RBF,3,14.350986720200535,17.214068738512143,15.21205916793344,False,False,15.618466123811288,0.0031622776601683794,15.026671883163953,16.070751597945822,14.350986720200622
Ackley,10,42,55,3,Local-RBF,1,-366.2501514853367,21.433876295362808,15.21205916793344,False,False,81.39717256262762,0.0031622776601683794,26.635493588725474,-366.2501514853367,16.987380845159674
Ackley,10,42,56,1,LCB-GPR,2,12.56754322404367,21.795466177300014,15.21205916793344,False,False,,0.0031622776601683794,,,
Ackley,10,42,57,2,Global-RBF,3,13.998199208776096,17.786789427437878,15.21205916793344,False,False,20.204541525036323,0.0031622776601683794,15.147341756749853,16.51958241044716,13.998199208775965
Ackley,10,42,58,3,Local-RBF,1,-314.0141061666088,21.398500426462,15.21205916793344,False,False,45.3812754991643,0.0031622776601683794,26.19650355367119,-314.0141061666088,16.987389072728558
Ackley,10,42,59,1,LCB-GPR,2,12.600435051932728,21.256903878176907,15.21205916793344,False,False,,0.0031622776601683794,,,
Ackley,10,42,60,2,Global-RBF,3,12.794971957871233,19.778508593308207,15.21205916793344,False,False,37.403182996527825,0.0031622776601683794,15.420393624734327,18.069110140088732,12.794971957871304
Ackley,10,42,61,3,Local-RBF,1,-447.3765890069396,21.890872117057143,15.21205916793344,False,False,13.630337708224276,0.0031622776601683794,27.889313970887045,-447.3765890069396,17.120615808222674
Ackley,10,42,62,1,LCB-GPR,2,12.973015299856698,21.641388908548805,15.21205916793344,False,False,,0.0031622776601683794,,,
Ackley,10,42,63,2,Global-RBF,3,13.146289035658711,21.893469044377387,15.21205916793344,False,False,48.31723769051282,0.0031622776601683794,17.22624814761457,20.57902269889038,13.14628903565863
Ackley,10,42,64,3,Local-RBF,1,-413.73456584445535,21.720181438012563,15.21205916793344,False,False,36.86274926792883,0.0031622776601683794,27.91060448472244,-413.7345658444554,17.120617863358735
Ackley,10,42,65,1,LCB-GPR,2,13.327146826669352,21.740425793241517,15.21205916793344,False,False,,0.0031622776601683794,,,
Ackley,10,42,66,2,Global-RBF,3,14.215578166021022,21.41768762729306,15.21205916793344,False,False,48.31191241122199,0.0031622776601683794,16.997810671732314,20.67217274828101,14.215578166020807
Ackley,10,42,67,3,Local-RBF,1,-457.62520970807554,21.73968466660674,15.21205916793344,False,False,8.163760888397942,0.0031622776601683794,27.97287716078471,-457.6252097080756,17.12061508551126
Ackley,10,42,68,1,LCB-GPR,2,13.786661458603104,21.487075715895944,15.21205916793344,False,False,,0.0031622776601683794,,,
Ackley,10,42,69,2,Global-RBF,3,14.449851681885985,19.030029389088956,15.21205916793344,False,False,31.199025912323425,0.0031622776601683794,16.178945279485216,18.01934457806036,14.44985168188721
Ackley,10,42,70,3,Local-RBF,1,-433.8023387532748,21.68775152757888,15.21205916793344,False,False,22.61656341149615,0.0031622776601683794,27.992722166866805,-433.8023387532748,17.120616880997297
Ackley,10,42,71,1,LCB-GPR,2,13.952096598852647,21.93959410998868,15.21205916793344,False,False,,0.0031622776601683794,,,
Ackley,10,42,72,2,Global-RBF,3,12.604250089947442,21.49312059027397,15.21205916793344,False,False,59.50012496633744,0.0031622776601683794,19.800744187296395,22.093266030054902,12.604250089947145
Ackley,10,42,73,3,Local-RBF,1,-469.2933130732995,21.667454327334404,15.21205916793344,False,False,10.717080557861799,0.0031622776601683794,27.620037957951617,-469.2933130732995,17.266211628224553
Ackley,10,42,74,1,LCB-GPR,2,14.292007304559592,21.96393009626333,15.21205916793344,False,False,,0.0031622776601683794,,,
Ackley,10,42,75,2,Global-RBF,3,14.735241759225962,16.325072508724247,15.21205916793344,False,False,14.183986127042465,0.0031622776601683794,15.25460032055023,16.225268855545586,14.73524175922407
Ackley,10,42,76,3,Local-RBF,1,-391.1660989402332,22.08588795324282,15.21205916793344,False,False,12.744978606214511,0.0031622776601683794,29.9050176797287,-391.16609894023344,17.006964620487164
Ackley,10,42,77,1,LCB-GPR,2,14.022194169592726,21.724554032577693,15.21205916793344,False,False,,0.0031622776601683794,,,
Ackley,10,42,78,2,Global-RBF,3,14.758058838486672,18.35211103123742,15.21205916793344,False,False,14.883516296655527,0.0031622776601683794,15.878498374985153,16.90935131277823,14.7580588384842
Ackley,10,42,78,3,Local-RBF,1,-394.3221573208336,,15.21205916793344,False,True,0.0,0.0031622776601683794,29.936311673952318,-394.32215732083364,17.006964707193404
Ackley,10,42,79,1,LCB-GPR,2,13.851558159099657,21.79409087638564,15.21205916793344,False,False,,0.0031622776601683794,,,
Ackley,10,42,80,2,Global-RBF,3,11.701904905935397,21.383376213962645,15.21205916793344,False,False,62.034306973617056,0.0031622776601683794,17.993416943323137,20.909332003233043,11.701904905934926
Ackley,10,42,80,3,Local-RBF,1,-366.28110012912447,,15.21205916793344,False,True,0.0,0.0031622776601683794,30.383644239289552,-366.28110012912435,17.148565715319393
Ackley,10,42,81,1,LCB-GPR,2,14.171159175129933,21.88922006927634,15.21205916793344,False,False,,0.0031622776601683794,,,
Ackley,10,42,82,2,Global-RBF,3,11.715024966221408,21.55052342399585,15.21205916793344,False,False,47.38964182296363,0.0031622776601683794,16.21665108874397,20.424384665528173,11.71502496622071
Ackley,10,42,82,3,Local-RBF,1,-366.28110012912447,,15.21205916793344,False,True,0.0,0.0031622776601683794,30.383644239289552,-366.28110012912435,17.148565715319393
Ackley,10,42,83,1,LCB-GPR,2,14.379609995547261,21.745978998160734,15.21205916793344,False,False,,0.0031622776601683794,,,
Ackley,10,42,84,2,Global-RBF,3,13.571503961207704,21.480047725326564,15.21205916793344,False,False,51.377545864048045,0.0031622776601683794,18.79132657370185,21.29074959371085,13.571503961206663
Ackley,10,42,85,3,Local-RBF,1,-338.50989345574254,21.692298507173177,15.21205916793344,False,False,15.811705726574111,0.0031622776601683794,29.72442638129388,-338.50989345574254,17.148565570559054
Ackley,10,42,86,1,LCB-GPR,2,14.689910286466581,21.381269218053752,15.21205916793344,False,False,,0.0031622776601683794,,,
Ackley,10,42,87,2,Global-RBF,3,14.207301768387772,17.283892990805754,15.21205916793344,False,False,16.820059400812404,0.0031622776601683794,15.036988217478958,16.38203570522284,14.207301768388792
Ackley,10,42,88,3,Local-RBF,1,-21.022036045901153,21.58892845129361,15.21205916793344,False,False,52.298860762835275,0.0031622776601683794,19.83758482466864,-21.022036045901153,17.03999852035798
Ackley,10,42,89,1,LCB-GPR,2,14.731772640657042,21.85133342893091,15.21205916793344,False,False,,0.0031622776601683794,,,
Ackley,10,42,90,2,Global-RBF,3,11.166162945205464,21.683412685139245,15.21205916793344,False,False,72.34942720532923,0.0031622776601683794,14.370192766146477,20.151069724514777,11.166162945205917
Ackley,10,42,91,3,Local-RBF,1,-166.36171468014936,21.880782616895203,15.21205916793344,False,False,78.3202560284867,0.0031622776601683794,27.786798120876462,-166.36171468014942,17.163606446221973
Ackley,10,42,92,1,LCB-GPR,2,14.922435230654065,21.10373173548602,15.21205916793344,False,False,,0.0031622776601683794,,,
Ackley,10,42,93,2,Global-RBF,3,12.955675917561933,21.184531186714526,15.21205916793344,False,False,46.67341103360362,0.0031622776601683794,17.02566418062907,20.209047801575398,12.955675917560093
Ackley,10,42,94,3,Local-RBF,1,-164.48968606090133,21.909057877285104,15.21205916793344,False,False,17.99784196261327,0.0031622776601683794,27.64461857162103,-164.48968606090128,17.163616336493796
Ackley,10,42,95,1,LCB-GPR,1,15.19842534803538,15.151123182805451,15.151123182805451,True,False,,0.0031622776601683794,,,
Ackley,10,42,96,1,LCB-GPR,2,14.877557037300523,21.704640902688006,15.151123182805451,False,False,,0.0031622776601683794,,,
Ackley,10,42,97,2,Global-RBF,3,12.808165173275812,21.093073144850948,15.151123182805451,False,False,53.6559852157444,0.0031622776601683794,16.45589609760879,21.002798754771487,12.808165173275812
Ackley,10,42,98,3,Local-RBF,1,-16.342197202154914,21.662787065064066,15.151123182805451,False,False,13.423353471407497,0.0031622776601683794,19.474632482702464,-16.342197202154907,16.801203055933737
Ackley,10,42,99,1,LCB-GPR,2,15.144901232988929,21.529211074785895,15.151123182805451,False,False,,0.0031622776601683794,,,
Ackley,10,42,100,2,Global-RBF,3,13.725956763368872,17.91860513278143,15.151123182805451,False,False,23.47882860307154,0.0031622776601683794,14.860518220516571,17.01380404794516,13.725956763370295
Ackley,10,42,101,3,Local-RBF,1,-16.145741899320118,21.391346685767,15.151123182805451,False,False,20.87355597300773,0.0031622776601683794,19.994128321530248,-16.14574189932001,16.881852573113125
Ackley,10,42,102,1,LCB-GPR,2,15.167081060255976,15.151123182805451,15.151123182805451,False,False,,0.0031622776601683794,,,
Ackley,10,42,103,2,Global-RBF,3,11.464106305406043,21.59683728863742,15.151123182805451,False,False,56.52624020517357,0.0031622776601683794,18.64752425592208,21.402575263761673,11.464106305404524
Ackley,10,42,104,3,Local-RBF,1,-13.339879182624529,21.40180750015233,15.151123182805451,False,False,5.554816397445683,0.0031622776601683794,19.65675506718633,-13.339879182624511,16.649389317874437
Ackley,10,42,105,1,LCB-GPR,2,14.544704048972743,21.55601347025621,15.151123182805451,False,False,,0.0031622776601683794,,,
Ackley,10,42,106,2,Global-RBF,3,5.8751729805180375,21.71655225621794,15.151123182805451,False,False,57.03942477086106,0.0031622776601683794,15.676979990029631,20.844307693977044,5.875172980517171
Ackley,10,42,107,3,Local-RBF,1,-13.67118366080637,21.242197349232303,15.151123182805451,False,False,5.472365198835299,0.0031622776601683794,19.538383112189088,-13.671183660806378,16.644191909190795
Ackley,10,42,108,1,LCB-GPR,1,15.003106366699022,14.034626088599074,14.034626088599074,True,False,,0.0031622776601683794,,,
Ackley,10,42,109,1,LCB-GPR,2,14.03462611805755,14.034626088599074,14.034626088599074,False,False,,0.0031622776601683794,,,
Ackley,10,42,110,2,Global-RBF,3,6.65926346276431,21.155918941820058,14.034626088599074,False,False,56.91547261634038,0.0031622776601683794,12.147400055710122,19.465761882369147,6.659263462761677
Ackley,10,43,21,1,LCB-GPR,1,18.532574978913814,18.674159162959718,18.674159162959718,True,False,,0.0031622776601683794,,,
Ackley,10,43,22,1,LCB-GPR,2,18.133192441753256,20.445249933882014,18.674159162959718,False,False,,0.0031622776601683794,,,
Ackley,10,43,23,2,Global-RBF,3,15.211051750069126,20.882601132230075,18.674159162959718,False,False,60.965461162788614,0.0031622776601683794,19.320312658018885,15.211051750069126,19.793330623501983
Ackley,10,43,24,3,Local-RBF,1,-55.14840808098401,21.687334868324413,18.674159162959718,False,False,66.24693930107654,0.0031622776601683794,18.604853335939158,-55.14840808098401,18.750328686167137
Ackley,10,43,25,1,LCB-GPR,1,18.13031754012563,17.901146040564996,17.901146040564996,True,False,,0.0031622776601683794,,,
Ackley,10,43,26,1,LCB-GPR,2,17.17170705578875,19.75944173149649,17.901146040564996,False,False,,0.0031622776601683794,,,
Ackley,10,43,27,2,Global-RBF,3,16.72688979263112,20.40455345552043,17.901146040564996,False,False,30.034573175768006,0.0031622776601683794,17.647553545064085,18.46805659648606,16.72688979263112
Ackley,10,43,28,3,Local-RBF,1,-2018.7312322375133,21.704696722519248,17.901146040564996,False,False,81.02086734599317,0.0031622776601683794,17.797953184312114,-2018.7312322375176,18.287652601762357
Ackley,10,43,29,1,LCB-GPR,1,17.223369681761447,17.14945615337203,17.14945615337203,True,False,,0.0031622776601683794,,,
Ackley,10,43,30,1,LCB-GPR,2,15.86246501486351,19.97863768099383,17.14945615337203,False,False,,0.0031622776601683794,,,
Ackley,10,43,31,2,Global-RBF,3,15.78630299565926,19.61599290568261,17.14945615337203,False,False,28.390558953353796,0.0031622776601683794,16.496408769027035,17.057266795707378,15.786302995659286
Ackley,10,43,32,3,Local-RBF,1,-601.7030598369561,21.627527118265785,17.14945615337203,False,False,75.62812203363309,0.0031622776601683794,16.540138165493744,-601.7030598369561,17.908253785632247
Ackley,10,43,33,1,LCB-GPR,2,15.876634161255573,18.154643006678878,17.14945615337203,False,False,,0.0031622776601683794,,,
Ackley,10,43,34,2,Global-RBF,3,15.892372347173701,19.439580879004854,17.14945615337203,False,False,26.731404146656278,0.0031622776601683794,16.50131764567322,17.671971300269007,15.892372347173698
Ackley,10,43,35,3,Local-RBF,1,-47.91084939736298,21.989479875133082,17.14945615337203,False,False,77.09936012232603,0.0031622776601683794,16.907980463012876,-47.910849397362895,17.735081733538635
Ackley,10,43,36,1,LCB-GPR,2,15.681354991083182,19.2768648203983,17.14945615337203,False,False,,0.0031622776601683794,,,
Ackley,10,43,37,2,Global-RBF,3,15.81379765362151,18.152278554863443,17.14945615337203,False,False,27.730238295286565,0.0031622776601683794,16.73014435219703,17.9127985958943,15.813797653621526
Ackley,10,43,38,3,Local-RBF,1,-22.169329036732975,21.645312735553954,17.14945615337203,False,False,69.54630226431448,0.0031622776601683794,16.673226672012756,-22.169329036732975,17.734293582933162
Ackley,10,43,39,1,LCB-GPR,2,15.196327184935546,20.491335937070755,17.14945615337203,False,False,,0.0031622776601683794,,,
Ackley,10,43,40,2,Global-RBF,2,16.42944983870488,11.16119505899055,11.16119505899055,True,False,22.956903012545727,0.0031622776601683794,16.634482665407425,17.5491097934565,16.429449838704898
Ackley,10,43,41,2,Global-RBF,3,5.822109351340254,20.493645422811483,11.16119505899055,False,False,34.34829533581211,0.0031622776601683794,7.869050439817796,10.86109863059266,5.822109351340254
Ackley,10,43,42,3,Local-RBF,1,-659.4523132745826,21.830723717850926,11.16119505899055,False,False,35.50954181493828,0.0031622776601683794,6.784926343300283,-659.4523132745826,16.09101895194775
Ackley,10,43,43,1,LCB-GPR,2,4.731643756852847,15.234509568481599,11.16119505899055,False,False,,0.0031622776601683794,,,
Ackley,10,43,44,2,Global-RBF,3,8.639170778151447,19.01965585734029,11.16119505899055,False,False,28.620194536740787,0.0031622776601683794,10.511182595535901,14.34518539301766,8.63917077815139
Ackley,10,43,45,3,Local-RBF,1,-275.62292551276806,21.5874763029589,11.16119505899055,False,False,48.591693592800006,0.0031622776601683794,8.72327841006153,-275.622925512768,15.361576705313285
Ackley,10,43,46,1,LCB-GPR,2,4.374761885520812,18.811219443051357,11.16119505899055,False,False,,0.0031622776601683794,,,
Ackley,10,43,47,2,Global-RBF,3,6.389272498001912,19.95243291708776,11.16119505899055,False,False,33.91805773446862,0.0031622776601683794,10.92566362200725,16.05665004830283,6.389272498001702
Ackley,10,43,48,3,Local-RBF,1,-275.33591242817306,21.896181601086784,11.16119505899055,False,False,10.45511265475494,0.0031622776601683794,8.765126126109836,-275.335912428173,15.361576705336331
Ackley,10,43,49,1,LCB-GPR,2,5.125859812823537,16.624602355321084,11.16119505899055,False,False,,0.0031622776601683794,,,
Ackley,10,43,50,2,Global-RBF,3,6.380508060579931,20.320850924756495,11.16119505899055,False,False,42.71669786584238,0.0031622776601683794,10.682895880800826,16.97771755743557,6.3805080605797
Ackley,10,43,51,3,Local-RBF,1,-146.91939250980013,21.883438456090786,11.16119505899055,False,False,49.23937437822677,0.0031622776601683794,14.029684908348003,-146.91939250980016,15.614181692465959
Ackley,10,43,52,1,LCB-GPR,2,5.439841171966732,16.485241491604633,11.16119505899055,False,False,,0.0031622776601683794,,,
Ackley,10,43,53,2,Global-RBF,3,7.932516948118316,20.622035132363052,11.16119505899055,False,False,48.28978595416257,0.0031622776601683794,14.594022421069425,19.792194776929637,7.932516948118344
Ackley,10,43,54,3,Local-RBF,1,1.8776397711623751,19.278999195508344,11.16119505899055,False,False,22.56025649237453,0.0031622776601683794,9.272032398565191,1.877639771162377,11.641586016642199
Ackley,10,43,55,1,LCB-GPR,2,5.739868495929244,18.38499418439679,11.16119505899055,False,False,,0.0031622776601683794,,,
Ackley,10,43,56,2,Global-RBF,3,8.64973297339612,19.13320166122517,11.16119505899055,False,False,27.20400194836399,0.0031622776601683794,12.591945089314247,16.48071985098725,8.6497329733957
Ackley,10,43,57,3,Local-RBF,1,1.8628821097152333,19.254510181103054,11.16119505899055,False,False,2.597735674699192,0.0031622776601683794,9.194581266730788,1.8628821097152315,11.672002463303816
Ackley,10,43,58,1,LCB-GPR,2,5.966029471035302,16.917680210640928,11.16119505899055,False,False,,0.0031622776601683794,,,
Ackley,10,43,59,2,Global-RBF,3,4.514834180059907,21.530694336896698,11.16119505899055,False,False,45.068425735720496,0.0031622776601683794,7.452000326908667,14.423991992016147,4.514834180059941
Ackley,10,43,60,3,Local-RBF,1,-23.27181158467576,21.105255050473918,11.16119505899055,False,False,42.272801531786165,0.0031622776601683794,8.171486427184611,-23.27181158467576,15.221024338554498
Ackley,10,43,61,1,LCB-GPR,2,6.4307392013357845,17.196804102506853,11.16119505899055,False,False,,0.0031622776601683794,,,
Ackley,10,43,62,2,Global-RBF,3,6.939198442923532,21.91671669494925,11.16119505899055,False,False,67.30942910586239,0.0031622776601683794,6.939198442925031,11.163571092655857,14.002297277086413
Ackley,10,43,63,3,Local-RBF,1,2.042752599261725,19.542229321689618,11.16119505899055,False,False,10.905403136905845,0.0031622776601683794,9.076830873903507,2.0427525992617266,10.719213922171303
Ackley,10,43,64,1,LCB-GPR,2,6.6145287107413715,17.412449436612814,11.16119505899055,False,False,,0.0031622776601683794,,,
Ackley,10,43,65,2,Global-RBF,3,7.859443848821366,18.635877993574045,11.16119505899055,False,False,27.351136967641143,0.0031622776601683794,11.57844942810216,16.47549618917199,7.85944384882092
Ackley,10,43,66,3,Local-RBF,1,2.071098590102803,19.474400588664263,11.16119505899055,False,False,1.8708445916396912,0.0031622776601683794,9.147350317445762,2.071098590102803,10.881060525277984
Ackley,10,43,67,1,LCB-GPR,2,6.582295902708456,20.670838342114575,11.16119505899055,False,False,,0.0031622776601683794,,,
Ackley,10,43,68,2,Global-RBF,3,1.785809668123818,21.276495255342322,11.16119505899055,False,False,45.336603144828686,0.0031622776601683794,11.028429921372627,19.027675237794472,1.7858096681244398
Ackley,10,43,69,3,Local-RBF,1,2.1079033530586653,19.29154924733941,11.16119505899055,False,False,2.9875620430504624,0.0031622776601683794,9.452127914845388,2.1079033530586635,11.18501848732827
Ackley,10,43,70,1,LCB-GPR,2,7.050354974514406,20.68614372970626,11.16119505899055,False,False,,0.0031622776601683794,,,
Ackley,10,43,71,2,Global-RBF,3,5.737143723168527,21.58063373622949,11.16119505899055,False,False,63.378290123866684,0.0031622776601683794,5.7371437231652855,9.198904466039863,15.164668789297847
Ackley,10,43,72,3,Local-RBF,1,-1.3706743641826158,19.797086476572144,11.16119505899055,False,False,6.543813938885124,0.0031622776601683794,9.335282485503836,-1.3706743641826158,11.372090352873148
Ackley,10,43,73,1,LCB-GPR,2,7.46483692438809,20.21444262964048,11.16119505899055,False,False,,0.0031622776601683794,,,
Ackley,10,43,74,2,Global-RBF,3,3.9442302383399195,21.926128166732216,11.16119505899055,False,False,43.840396726318474,0.0031622776601683794,5.656556745412594,16.836538339061978,3.9442302383407686
Ackley,10,43,75,3,Local-RBF,1,-1.313220969923222,20.035134604550603,11.16119505899055,False,False,2.0793605091135463,0.0031622776601683794,9.307903347885947,-1.3132209699232256,11.37395842941148
Ackley,10,43,76,1,LCB-GPR,2,7.785658466132814,21.704475999022172,11.16119505899055,False,False,,0.0031622776601683794,,,
Ackley,10,43,77,2,Global-RBF,3,5.77113291844935,20.876704604581438,11.16119505899055,False,False,49.31598112592059,0.0031622776601683794,11.632964735892578,20.291358917163127,5.7711329184506255
Ackley,10,43,78,3,Local-RBF,1,-1.346643792368564,19.980513495953545,11.16119505899055,False,False,1.624296427427151,0.0031622776601683794,9.269978247199354,-1.3466437923685675,11.387301132610737
Ackley,10,43,79,1,LCB-GPR,2,8.12063033332758,20.93704381395356,11.16119505899055,False,False,,0.0031622776601683794,,,
Ackley,10,43,80,2,Global-RBF,3,5.041712236493741,21.45098545551976,11.16119505899055,False,False,64.73982155653412,0.0031622776601683794,5.04171223648509,16.0719873682564,10.235508504479926
Ackley,10,43,81,3,Local-RBF,1,-1918.3171617976095,20.920042089755345,11.16119505899055,False,False,41.130787126153955,0.0031622776601683794,13.992309082902839,-1918.3171617976093,15.613935719430922
Ackley,10,43,82,1,LCB-GPR,2,8.668088269583606,21.07891627795227,11.16119505899055,False,False,,0.0031622776601683794,,,
Ackley,10,43,83,2,Global-RBF,3,5.023648235787032,21.70224395394845,11.16119505899055,False,False,58.80909503160149,0.0031622776601683794,16.878630677735398,23.0108778443906,5.0236482357854
Ackley,10,43,84,3,Local-RBF,1,-1918.9521493563766,20.933572866128728,11.16119505899055,False,False,3.7299974965296063,0.0031622776601683794,14.264906634733101,-1918.9521493563775,15.631599704079056
Ackley,10,43,85,1,LCB-GPR,2,9.098027461012022,22.06127782645146,11.16119505899055,False,False,,0.0031622776601683794,,,
Ackley,10,43,86,2,Global-RBF,3,4.180553669025963,21.516130337576435,11.16119505899055,False,False,47.67999561301786,0.0031622776601683794,12.525760953844548,20.5271506338254,4.1805536690284555
Ackley,10,43,87,3,Local-RBF,1,-1920.4684561158297,21.178498891965667,11.16119505899055,False,False,2.177474993304268,0.0031622776601683794,14.35918818818898,-1920.468456115829,15.642167574592087
Ackley,10,43,88,1,LCB-GPR,2,9.380345272624156,21.347511906708593,11.16119505899055,False,False,,0.0031622776601683794,,,
Ackley,10,43,89,2,Global-RBF,3,7.333530439498244,21.11441126400047,11.16119505899055,False,False,39.71836952884264,0.0031622776601683794,15.402522077900645,19.978947672409124,7.333530439499954
Ackley,10,43,90,3,Local-RBF,1,-1920.336609518352,20.459748305509347,11.16119505899055,False,False,2.48605158748081,0.0031622776601683794,14.290389254708906,-1920.336609518351,15.645861617599268
Ackley,10,43,91,1,LCB-GPR,2,9.075525376247269,18.33174971563095,11.16119505899055,False,False,,0.0031622776601683794,,,
Ackley,10,43,92,2,Global-RBF,3,7.971956258936078,19.18593978543888,11.16119505899055,False,False,31.974968430254936,0.0031622776601683794,13.909951269956084,18.14631868888313,7.971956258938922
Ackley,10,43,93,3,Local-RBF,1,-12.183821668070692,20.4671337572845,11.16119505899055,False,False,30.77534078596788,0.0031622776601683794,10.120554721105515,-12.183821668070692,14.013322448345784
Ackley,10,43,94,1,LCB-GPR,2,9.3307382380156,17.6912357485505,11.16119505899055,False,False,,0.0031622776601683794,,,
Ackley,10,43,95,2,Global-RBF,3,7.13867316476523,20.952961941020057,11.16119505899055,False,False,47.0723988664493,0.0031622776601683794,15.039501738113865,20.181745845096525,7.138673164760487
Ackley,10,43,96,3,Local-RBF,1,-1095.7212848972706,21.81441463432466,11.16119505899055,False,False,70.53108916876573,0.0031622776601683794,34.05093928630091,-1095.7212848972704,16.2083505455505
Ackley,10,43,97,1,LCB-GPR,2,9.493429774073041,18.873557350183148,11.16119505899055,False,False,,0.0031622776601683794,,,
Ackley,10,43,98,2,Global-RBF,3,4.650480505439642,21.66058934370058,11.16119505899055,False,False,46.313792169761435,0.0031622776601683794,12.748058402714449,20.917441280380686,4.650480505441221
Ackley,10,43,99,3,Local-RBF,1,-1079.141301353885,21.9631525312975,11.16119505899055,False,False,59.450415787126914,0.0031622776601683794,36.74398706998046,-1079.141301353885,16.20865700996502
Ackley,10,43,100,1,LCB-GPR,2,9.739084180182504,21.322479069202817,11.16119505899055,False,False,,0.0031622776601683794,,,
Ackley,10,43,101,2,Global-RBF,3,6.573351062585823,20.957717563819067,11.16119505899055,False,False,42.73998935598398,0.0031622776601683794,9.49101105770851,18.136698853785806,6.573351062572506
Ackley,10,43,102,3,Local-RBF,1,-27.525571461358997,20.81327499085371,11.16119505899055,False,False,17.62419127850779,0.0031622776601683794,11.724897172780977,-27.52557146135901,15.199735693311029
Ackley,10,43,103,1,LCB-GPR,2,10.070145305638631,18.825449329977545,11.16119505899055,False,False,,0.0031622776601683794,,,
Ackley,10,43,104,2,Global-RBF,3,7.800436027481805,21.75932339675022,11.16119505899055,False,False,45.92163932952359,0.0031622776601683794,13.988699993553208,20.39550594052215,7.800436027474625
Ackley,10,43,105,3,Local-RBF,1,-27.51504561302598,21.152001356301092,11.16119505899055,False,False,2.857425072271353,0.0031622776601683794,11.842646450785729,-27.51504561302598,15.277453415178034
Ackley,10,43,106,1,LCB-GPR,2,10.004891919094037,18.941571502093336,11.16119505899055,False,False,,0.0031622776601683794,,,
Ackley,10,43,107,2,Global-RBF,3,7.385039849868662,21.58184295208598,11.16119505899055,False,False,50.46984439537324,0.0031622776601683794,11.420068095752583,18.9471085170545,7.385039849870527
Ackley,10,43,108,3,Local-RBF,1,-27.51071985459399,21.047663735355634,11.16119505899055,False,False,2.6357959439318543,0.0031622776601683794,11.565403512771741,-27.51071985459402,15.151969739416872
Ackley,10,43,109,1,LCB-GPR,2,10.066296086750114,17.902562778072667,11.16119505899055,False,False,,0.0031622776601683794,,,
Ackley,10,43,110,2,Global-RBF,3,9.851552363358765,14.972046225837701,11.16119505899055,False,False,17.320723572753465,0.0031622776601683794,11.488024381933592,14.471186726915839,9.851552363361865
Ackley,10,44,21,1,LCB-GPR,2,20.27643912797472,21.021243509734393,20.414112174402252,False,False,,0.0031622776601683794,,,
Ackley,10,44,22,2,Global-RBF,3,16.95557694927271,21.340916432720828,20.414112174402252,False,False,85.03536087353885,0.0031622776601683794,19.462193157169906,16.955576949272714,20.33547726809778
Ackley,10,44,23,3,Local-RBF,1,19.760369959039355,21.815270795161933,20.414112174402252,False,False,67.12876077370917,0.0031622776601683794,20.37972434467954,19.760369959039355,20.460034053212993
Ackley,10,44,24,1,LCB-GPR,2,20.271012133262257,21.162301756114417,20.414112174402252,False,False,,0.0031622776601683794,,,
Ackley,10,44,25,2,Global-RBF,3,-21.28477169387737,21.979827976703223,20.414112174402252,False,False,87.82011659872842,0.0031622776601683794,23.586368585735173,-21.284771693877456,21.755808359113093
Ackley,10,44,26,3,Local-RBF,1,19.760239082535303,21.58286868066648,20.414112174402252,False,False,8.444943074138859,0.0031622776601683794,20.379380121291447,19.760239082535303,20.460010332133898
Ackley,10,44,27,1,LCB-GPR,2,20.414112191486087,20.414112174402252,20.414112174402252,False,False,,0.0031622776601683794,,,
Ackley,10,44,28,2,Global-RBF,3,15.734395494315056,21.567042999031013,20.414112174402252,False,False,47.541793112701875,0.0031622776601683794,16.046436319687707,17.632808733799518,15.734395494314986
Ackley,10,44,28,3,Local-RBF,1,20.414112174402252,,20.414112174402252,False,True,0.0,0.0031622776601683794,20.414112174402252,20.414112174402252,20.414112174402252
Ackley,10,44,29,1,LCB-GPR,2,-549529.9642363488,20.708093769476864,20.414112174402252,False,False,,0.0031622776601683794,,,
Ackley,10,44,30,2,Global-RBF,3,15.884363421262352,21.675567304460465,20.414112174402252,False,False,50.45686285782813,0.0031622776601683794,17.434172536905233,20.00293799000477,15.884363421262353
Ackley,10,44,31,3,Local-RBF,1,20.235075578777934,21.632023150928397,20.414112174402252,False,False,23.58422238596444,0.0031622776601683794,20.38725926442178,20.235075578777934,20.440334982874873
Ackley,10,44,32,1,LCB-GPR,2,20.414112174402696,20.414112174402252,20.414112174402252,False,False,,0.0031622776601683794,,,
Ackley,10,44,33,2,Global-RBF,3,17.111912713393924,21.473756753032255,20.414112174402252,False,False,50.77854009447243,0.0031622776601683794,17.79230973429831,19.033940026824286,17.111912713393874
Ackley,10,44,33,3,Local-RBF,1,20.414112174402252,,20.414112174402252,False,True,0.0,0.0031622776601683794,20.414112174402252,20.414112174402252,20.414112174402252
Ackley,10,44,34,1,LCB-GPR,2,20.414112174527872,20.414112174402252,20.414112174402252,False,False,,0.0031622776601683794,,,
Ackley,10,44,35,2,Global-RBF,3,17.43055920857452,21.935018929953205,20.414112174402252,False,False,71.53475160299512,0.0031622776601683794,18.17134514100234,17.430559208574568,19.318579045320632
Ackley,10,44,35,3,Local-RBF,1,20.414112174402252,,20.414112174402252,False,True,0.0,0.0031622776601683794,20.414112174402252,20.414112174402252,20.414112174402252
Ackley,10,44,36,1,LCB-GPR,2,20.174820412711654,20.667111198437922,20.414112174402252,False,False,,0.0031622776601683794,,,
Ackley,10,44,37,2,Global-RBF,3,16.619776646816234,21.631425986054296,20.414112174402252,False,False,56.73083557040245,0.0031622776601683794,17.37572619353372,19.307948264253422,16.619776646816327
Ackley,10,44,37,3,Local-RBF,1,20.414112174402252,,20.414112174402252,False,True,0.0,0.0031622776601683794,20.414112174402252,20.414112174402252,20.414112174402252
Ackley,10,44,38,1,LCB-GPR,2,-1033324.9465058296,21.253804016378474,20.414112174402252,False,False,,0.0031622776601683794,,,
Ackley,10,44,39,2,Global-RBF,3,18.167658282247864,21.77592103015515,20.414112174402252,False,False,39.57772687137307,0.0031622776601683794,18.9407276338778,20.67872933205157,18.167658282247864
Ackley,10,44,39,3,Local-RBF,1,20.414112174402252,,20.414112174402252,False,True,0.0,0.0031622776601683794,20.414112174402252,20.414112174402252,20.414112174402252
Ackley,10,44,40,1,LCB-GPR,2,20.353308140109924,21.51732433431323,20.414112174402252,False,False,,0.0031622776601683794,,,
Ackley,10,44,41,2,Global-RBF,3,15.740753373605113,21.383202368310908,20.414112174402252,False,False,38.39720515994897,0.0031622776601683794,16.91770427931448,18.504667844680956,15.740753373604985
Ackley,10,44,41,3,Local-RBF,1,20.414112174402252,,20.414112174402252,False,True,0.0,0.0031622776601683794,20.414112174402252,20.414112174402252,20.414112174402252
Ackley,10,44,42,1,LCB-GPR,1,-695044.44720856,20.178819270358915,20.178819270358915,True,False,,0.0031622776601683794,,,
Ackley,10,44,43,1,LCB-GPR,2,-724218.015058271,20.89679960616845,20.178819270358915,False,False,,0.0031622776601683794,,,
Ackley,10,44,44,2,Global-RBF,3,16.91385265265422,20.643998222986873,20.178819270358915,False,False,31.104201862185633,0.0031622776601683794,16.91385265265359,18.300403948165993,17.397947493892687
Ackley,10,44,45,3,Local-RBF,1,-5.534107965189945e+25,21.700256942955225,20.178819270358915,False,False,67.52692006639728,0.0031622776601683794,-37898834.303062595,-5.534107965189945e+25,20.355288948391415
Ackley,10,44,46,1,LCB-GPR,1,-721975.3974215157,20.004016675957747,20.004016675957747,True,False,,0.0031622776601683794,,,
Ackley,10,44,47,1,LCB-GPR,2,20.00401667602252,20.004016675957747,20.004016675957747,False,False,,0.0031622776601683794,,,
Ackley,10,44,48,2,Global-RBF,3,15.569606017913252,21.95019252388335,20.004016675957747,False,False,71.05088980350733,0.0031622776601683794,15.569606017913017,17.41259761496756,17.302201252465395
Ackley,10,44,49,3,Local-RBF,1,19.844040514748006,20.384210175426546,20.004016675957747,False,False,23.27790693384506,0.0031622776601683794,20.02826871878763,19.844040514748006,20.043918565843047
Ackley,10,44,50,1,LCB-GPR,2,-1392728.0947556917,20.419235844252608,20.004016675957747,False,False,,0.0031622776601683794,,,
Ackley,10,44,51,2,Global-RBF,3,17.453132091683404,21.713745155421172,20.004016675957747,False,False,46.42723558315176,0.0031622776601683794,18.242314480965184,19.64022243620793,17.453132091683496
Ackley,10,44,52,3,Local-RBF,1,-1.5383949381073696e+27,21.751356025812083,20.004016675957747,False,False,58.09332859419834,0.0031622776601683794,154241376.7457225,-1.5383949381073696e+27,20.19703499442064
Ackley,10,44,53,1,LCB-GPR,1,-1430834.9962736745,18.460400580869013,18.460400580869013,True,False,,0.0031622776601683794,,,
Ackley,10,44,54,1,LCB-GPR,2,18.460400580914303,18.460400580869013,18.460400580869013,False,False,,0.0031622776601683794,,,
Ackley,10,44,55,2,Global-RBF,3,16.797233154409458,21.204306297981226,18.460400580869013,False,False,43.085898043763606,0.0031622776601683794,17.801169881632894,18.491335931112452,16.79723315440946
Ackley,10,44,56,3,Local-RBF,1,-369.87235302051596,21.630429518155662,18.460400580869013,False,False,56.23106349755282,0.0031622776601683794,18.0235615283928,-369.87235302051596,19.421530756802486
Ackley,10,44,57,1,LCB-GPR,2,18.460400581054955,18.460400580869013,18.460400580869013,False,False,,0.0031622776601683794,,,
Ackley,10,44,58,2,Global-RBF,3,17.296247022393416,20.793291304436128,18.460400580869013,False,False,52.08452913294862,0.0031622776601683794,17.5803720424014,19.10378128699196,17.296247022393146
Ackley,10,44,59,3,Local-RBF,1,16.580599059149247,20.06990208387523,18.460400580869013,False,False,30.311465536067573,0.0031622776601683794,18.549716700498095,16.580599059149247,19.07700106664006
Ackley,10,44,60,1,LCB-GPR,2,16.638731344461632,19.223385571009775,18.460400580869013,False,False,,0.0031622776601683794,,,
Ackley,10,44,61,2,Global-RBF,3,16.20830096276493,21.131168678546278,18.460400580869013,False,False,47.31157651211481,0.0031622776601683794,17.44910201443709,18.9798669979586,16.208300962764884
Ackley,10,44,61,3,Local-RBF,1,18.460400572631848,,18.460400580869013,False,True,0.0,0.0031622776601683794,18.460400572631848,18.46040058083832,18.46040058510603
Ackley,10,44,62,1,LCB-GPR,2,17.289266051680418,19.504661355551782,18.460400580869013,False,False,,0.0031622776601683794,,,
Ackley,10,44,63,2,Global-RBF,3,12.995431870088147,21.19236380372881,18.460400580869013,False,False,53.253714722310654,0.0031622776601683794,15.458690317277792,18.33609158371076,12.995431870088241
Ackley,10,44,64,3,Local-RBF,1,11.925257474105134,20.062881296858347,18.460400580869013,False,False,15.200680320622583,0.0031622776601683794,18.73114462997699,11.925257474105134,19.01443998777162
Ackley,10,44,65,1,LCB-GPR,1,17.845653484750077,18.24273716361524,18.24273716361524,True,False,,0.0031622776601683794,,,
Ackley,10,44,66,1,LCB-GPR,2,-1956.5367448069683,18.659401679737165,18.24273716361524,False,False,,0.0031622776601683794,,,
Ackley,10,44,67,2,Global-RBF,3,8.571107791937765,21.335729187527335,18.24273716361524,False,False,53.0951335739495,0.0031622776601683794,11.795847952882516,19.296434468054183,8.57110779193686
Ackley,10,44,68,3,Local-RBF,1,-15.656000043608515,21.320782445931762,18.24273716361524,False,False,42.915131955973244,0.0031622776601683794,17.8592373809231,-15.656000043608515,18.58445435949487
Ackley,10,44,69,1,LCB-GPR,1,17.60852385873459,18.09319656541175,18.09319656541175,True,False,,0.0031622776601683794,,,
Ackley,10,44,70,1,LCB-GPR,2,17.488570247461286,18.788478872078656,18.09319656541175,False,False,,0.0031622776601683794,,,
Ackley,10,44,71,2,Global-RBF,3,9.059891956227066,21.912899789719543,18.09319656541175,False,False,52.324897555115236,0.0031622776601683794,11.61738173634337,19.382286505240938,9.059891956226624
Ackley,10,44,72,3,Local-RBF,1,15.971404889857427,19.516194303220654,18.09319656541175,False,False,21.122026857616724,0.0031622776601683794,17.76302318609062,15.971404889857428,18.392480185672476
Ackley,10,44,73,1,LCB-GPR,2,17.373331251921474,18.97823477244388,18.09319656541175,False,False,,0.0031622776601683794,,,
Ackley,10,44,74,2,Global-RBF,3,10.79858567284961,21.303814986685577,18.09319656541175,False,False,47.10080664985405,0.0031622776601683794,13.162806266975002,19.28386824617674,10.79858567284992
Ackley,10,44,75,3,Local-RBF,1,15.955664485062044,19.81274363465861,18.09319656541175,False,False,1.9393974941397236,0.0031622776601683794,17.76142758203079,15.955664485062043,18.3890783932644
Ackley,10,44,76,1,LCB-GPR,1,17.05508350968389,17.73057190380433,17.73057190380433,True,False,,0.0031622776601683794,,,
Ackley,10,44,77,1,LCB-GPR,2,16.800838010348194,18.63415093746452,17.73057190380433,False,False,,0.0031622776601683794,,,
Ackley,10,44,78,2,Global-RBF,3,10.425632431277013,21.42973074807851,17.73057190380433,False,False,51.84548125809348,0.0031622776601683794,10.425632431273211,19.035694512897148,12.717486095361753
Ackley,10,44,79,3,Local-RBF,1,-5.045535913559814,21.448061448099075,17.73057190380433,False,False,48.76958843906358,0.0031622776601683794,17.19562695149582,-5.0455359135597675,18.297408330414697
Ackley,10,44,80,1,LCB-GPR,1,16.794654134279074,12.75079876839554,12.75079876839554,True,False,,0.0031622776601683794,,,
Ackley,10,44,81,1,LCB-GPR,2,11.800263564963323,14.844519814100478,12.75079876839554,False,False,,0.0031622776601683794,,,
Ackley,10,44,82,2,Global-RBF,3,-1.9450686941121162,21.169643561269954,12.75079876839554,False,False,54.12118656227628,0.0031622776601683794,4.0186342138416045,14.845771658367841,-1.945068694111491
Ackley,10,44,83,3,Local-RBF,1,-1246.5990973721928,21.54856800255839,12.75079876839554,False,False,58.20402680582405,0.0031622776601683794,19.84454026874861,-1246.5990973721928,17.1303782447418
Ackley,10,44,84,1,LCB-GPR,2,11.47212836603304,12.76814312230977,12.75079876839554,False,False,,0.0031622776601683794,,,
Ackley,10,44,85,2,Global-RBF,3,4.989628231796859,20.934276330548453,12.75079876839554,False,False,45.03380407512276,0.0031622776601683794,9.932038076792185,17.807552325987487,4.989628231797489
Ackley,10,44,86,3,Local-RBF,1,0.003497253019286717,15.69534026580321,12.75079876839554,False,False,14.221606416383477,0.0031622776601683794,14.105457011540128,0.0034972530192796114,14.950229335825195
Ackley,10,44,87,1,LCB-GPR,2,9.103749922334318,19.250097818154067,12.75079876839554,False,False,,0.0031622776601683794,,,
Ackley,10,44,88,2,Global-RBF,3,2.26767471391015,19.979396596433894,12.75079876839554,False,False,41.998559301115584,0.0031622776601683794,8.894678824068048,16.8422553947359,2.2676747139095355
Ackley,10,44,89,3,Local-RBF,1,3.712666017792996,18.762936052661182,12.75079876839554,False,False,21.790177950121357,0.0031622776601683794,17.96444417893929,3.7126660177929924,15.473165886847022
Ackley,10,44,90,1,LCB-GPR,2,9.955968418706139,15.69783434390156,12.75079876839554,False,False,,0.0031622776601683794,,,
Ackley,10,44,91,2,Global-RBF,3,4.090016643908651,20.12106355396986,12.75079876839554,False,False,49.704376769437935,0.0031622776601683794,9.05386340471607,18.473360092033822,4.090016643908367
Ackley,10,44,92,3,Local-RBF,1,-19.905984364640037,19.47183819625486,12.75079876839554,False,False,14.884476876972986,0.0031622776601683794,19.885858473242976,-19.90598436464005,15.893994473643225
Ackley,10,44,93,1,LCB-GPR,1,10.362374802270502,12.151860669986657,12.151860669986657,True,False,,0.0031622776601683794,,,
Ackley,10,44,94,1,LCB-GPR,2,8.498186740280213,19.680104334314684,12.151860669986657,False,False,,0.0031622776601683794,,,
Ackley,10,44,95,2,Global-RBF,3,8.59748527409815,20.417825104809825,12.151860669986657,False,False,44.10000653528114,0.0031622776601683794,14.50228014421399,18.415025549938054,8.59748527409778
Ackley,10,44,96,3,Local-RBF,1,-22293.971601295787,21.594881844409844,12.151860669986657,False,False,70.1644818861417,0.0031622776601683794,34.13306764981675,-22293.971601295776,15.330555845491018
Ackley,10,44,97,1,LCB-GPR,2,8.64224017004711,17.820915159100633,12.151860669986657,False,False,,0.0031622776601683794,,,
Ackley,10,44,98,2,Global-RBF,3,9.749642652947967,18.65428472923669,12.151860669986657,False,False,30.416279540612468,0.0031622776601683794,11.989874838002882,16.239171213101077,9.749642652948195
Ackley,10,44,99,3,Local-RBF,1,-36667.021655903685,21.254322466523398,12.151860669986657,False,False,54.22498777833058,0.0031622776601683794,38.744125341520544,-36667.021655903685,15.283686793844117
Ackley,10,44,100,1,LCB-GPR,1,8.573087357252547,9.865669605648867,9.865669605648867,True,False,,0.0031622776601683794,,,
Ackley,10,44,101,1,LCB-GPR,2,6.537294718122618,18.248378672462593,9.865669605648867,False,False,,0.0031622776601683794,,,
Ackley,10,44,102,2,Global-RBF,3,2.939222528130518,21.041913183979922,9.865669605648867,False,False,48.82314984558077,0.0031622776601683794,11.380662780840565,18.499105083149527,2.9392225281305002
Ackley,10,44,103,3,Local-RBF,1,-912.457006431166,21.84676828701032,9.865669605648867,False,False,58.194925830823884,0.0031622776601683794,38.364358624336774,-912.457006431166,14.741885026883295
Ackley,10,44,104,1,LCB-GPR,2,4.519694755347048,21.850987052291988,9.865669605648867,False,False,,0.0031622776601683794,,,
Ackley,10,44,105,2,Global-RBF,3,7.374302208552262,21.56320702688537,9.865669605648867,False,False,53.07904893103645,0.0031622776601683794,12.371677905643974,19.6294893757701,7.374302208552541
Ackley,10,44,106,3,Local-RBF,1,-911.8931413749941,21.806176515681504,9.865669605648867,False,False,3.5070927440134,0.0031622776601683794,38.18997021637845,-911.8931413749942,14.741885027675329
Ackley,10,44,107,1,LCB-GPR,2,7.366944691910961,17.62025654349267,9.865669605648867,False,False,,0.0031622776601683794,,,
Ackley,10,44,108,2,Global-RBF,3,-0.6288543132008648,21.71574504168374,9.865669605648867,False,False,55.001713339721256,0.0031622776601683794,-0.6288543132047941,12.822872191750779,0.6521899133789795
Ackley,10,44,109,3,Local-RBF,1,-54.31537571888873,19.853321206399404,9.865669605648867,False,False,34.769234802502446,0.0031622776601683794,17.138090758099835,-54.31537571888872,14.032843480632181
Ackley,10,44,110,1,LCB-GPR,2,7.931798020595213,18.723211672822536,9.865669605648867,False,False,,0.0031622776601683794,,,
Griewank,10,42,21,1,LCB-GPR,2,-31386.53102423796,635.95914197664,154.6056625621275,False,False,,0.0031622776601683794,,,
Griewank,10,42,22,2,Global-RBF,3,-7317.4311527136215,746.059041487953,154.6056625621275,False,False,1717.2840489329003,0.0031622776601683794,433.5820767009628,-7317.4311527136215,301.79134120833146
Griewank,10,42,23,3,Local-RBF,1,-3565.071135381342,774.9011586433573,154.6056625621275,False,False,1566.358986947526,0.0031622776601683794,123.91254048241923,-3565.071135381342,193.22220618679899
Griewank,10,42,24,1,LCB-GPR,2,-137507.6399954376,634.0846849104834,154.6056625621275,False,False,,0.0031622776601683794,,,
Griewank,10,42,25,2,Global-RBF,3,-869994.3697680837,728.6708143668727,154.6056625621275,False,False,1522.9723609902467,0.0031622776601683794,381.65977385526213,-869994.3697680833,231.90264531750643
Griewank,10,42,26,3,Local-RBF,1,-3616.9364453707567,803.8235738468001,154.6056625621275,False,False,242.98959369862104,0.0031622776601683794,123.70274615854579,-3616.9364453707567,193.22220618679899
Griewank,10,42,27,1,LCB-GPR,2,-152605.77930077337,611.0938902687603,154.6056625621275,False,False,,0.0031622776601683794,,,
Griewank,10,42,28,2,Global-RBF,2,-53.08684417179643,34.9840234969371,34.9840234969371,True,False,1013.1640618493544,0.0031622776601683794,105.04050033380958,-53.08684417179637,306.7292846068003
Griewank,10,42,29,2,Global-RBF,2,-0.515757768898311,1.4970754713560397,1.4970754713560397,True,False,352.1713775426444,0.0031622776601683794,-0.5157577688981405,24.890229059849048,50.92536328272263
Griewank,10,42,30,2,Global-RBF,3,-18.371211660917652,38.28230439062437,1.4970754713560397,False,False,421.8483634352145,0.0031622776601683794,63.44112029432273,-18.37121166091771,101.72818099267641
Griewank,10,42,31,3,Local-RBF,1,-59.86572017370173,38.47789444177898,1.4970754713560397,False,False,373.5530515563111,0.0031622776601683794,-13.92099801177952,-59.86572017370172,13.149267868127362
Griewank,10,42,32,1,LCB-GPR,2,-196160.86516308304,662.6243924946112,1.4970754713560397,False,False,,0.0031622776601683794,,,
Griewank,10,42,33,2,Global-RBF,3,-13.272873183854244,12.704732353474,1.4970754713560397,False,False,221.8673727449143,0.0031622776601683794,8.306666463166493,15.334067064344651,-13.272873183854244
Griewank,10,42,34,3,Local-RBF,1,-121.66090114469225,113.30994876911991,1.4970754713560397,False,False,427.430073093907,0.0031622776601683794,-12.39247785405049,-121.66090114469228,16.211592675618903
Griewank,10,42,35,1,LCB-GPR,2,-166428.04525449875,692.3561288629968,1.4970754713560397,False,False,,0.0031622776601683794,,,
Griewank,10,42,36,2,Global-RBF,3,-3.5012775046668025,4.775285896881434,1.4970754713560397,False,False,154.80051697453663,0.0031622776601683794,3.0952078698863943,9.981449827024392,-3.5012775046660067
Griewank,10,42,37,3,Local-RBF,1,-249.13477216700883,431.39290020533883,1.4970754713560397,False,False,941.0137002712809,0.0031622776601683794,-1.6605548275425912,-249.13477216700872,6.325697907237159
Griewank,10,42,38,1,LCB-GPR,2,-145727.6269721984,716.5090621590493,1.4970754713560397,False,False,,0.0031622776601683794,,,
Griewank,10,42,39,2,Global-RBF,3,-0.22673999036641135,1.8812402535092767,1.4970754713560397,False,False,70.24102124558173,0.0031622776601683794,1.1559863903181054,2.9555800608123377,-0.22673999036260284
Griewank,10,42,40,3,Local-RBF,1,-122.2982605330489,150.38258081565178,1.4970754713560397,False,False,686.7047114017668,0.0031622776601683794,0.15481418062978625,-122.29826053304897,2.7178672072489167
Griewank,10,42,41,1,LCB-GPR,2,-122741.07414236682,591.0710409007593,1.4970754713560397,False,False,,0.0031622776601683794,,,
Griewank,10,42,42,2,Global-RBF,3,-0.7296181513551119,2.226479087726956,1.4970754713560397,False,False,82.6493290588873,0.0031622776601683794,1.3210441780183828,2.8749270179918085,-0.7296181513549413
Griewank,10,42,43,3,Local-RBF,1,-857.1007324748018,545.1715629411999,1.4970754713560397,False,False,872.6434307126657,0.0031622776601683794,1.7697084814587498,-857.100732474803,2.5950201773684265
Griewank,10,42,44,1,LCB-GPR,2,-116152.80326955901,595.2112350792481,1.4970754713560397,False,False,,0.0031622776601683794,,,
Griewank,10,42,45,2,Global-RBF,3,-0.19768343963949064,1.8452010135482928,1.4970754713560397,False,False,71.60450998586263,0.0031622776601683794,2.8302313068148237,-0.19768343963949064,2.8315300306272775
Griewank,10,42,46,3,Local-RBF,1,-43.37738262742984,159.9244020946322,1.4970754713560397,False,False,760.7692682783426,0.0031622776601683794,1.1335106461627293,-43.37738262742987,1.8624989565351413
Griewank,10,42,47,1,LCB-GPR,2,-111450.61833566864,662.2859628835437,1.4970754713560397,False,False,,0.0031622776601683794,,,
Griewank,10,42,48,2,Global-RBF,3,-0.45765557211541363,2.7730367366822044,1.4970754713560397,False,False,90.22091907155422,0.0031622776601683794,1.9359842195213446,2.9525163419588694,-0.45765557211467467
Griewank,10,42,49,3,Local-RBF,1,-44.434454451627126,162.34638086482636,1.4970754713560397,False,False,182.23639456153197,0.0031622776601683794,1.1405729911713745,-44.4344544516271,1.8624989565351413
Griewank,10,42,50,1,LCB-GPR,2,-104989.54432836805,714.9409338569192,1.4970754713560397,False,False,,0.0031622776601683794,,,
Griewank,10,42,51,2,Global-RBF,3,-0.6904938362554844,1.731736164426552,1.4970754713560397,False,False,70.35935830854326,0.0031622776601683794,0.8335540955791316,2.0557681793096094,-0.6904938362573034
Griewank,10,42,52,3,Local-RBF,1,-3.906587595171254,53.25113936006374,1.4970754713560397,False,False,434.5631432504055,0.0031622776601683794,1.3095598499718664,-3.906587595171264,1.836346398112897
Griewank,10,42,53,1,LCB-GPR,2,-106651.14363045129,702.1860673566038,1.4970754713560397,False,False,,0.0031622776601683794,,,
Griewank,10,42,54,2,Global-RBF,3,-0.861852513747408,2.5602678154818035,1.4970754713560397,False,False,85.05691173182744,0.0031622776601683794,1.911803986844859,3.5329949506497087,-0.8618525137521829
Griewank,10,42,54,3,Local-RBF,1,-3.906587595171254,,1.4970754713560397,False,True,0.0,0.0031622776601683794,1.3095598499718664,-3.906587595171264,1.836346398112897
Griewank,10,42,55,1,LCB-GPR,2,-75798.54876689418,575.4453224336777,1.4970754713560397,False,False,,0.0031622776601683794,,,
Griewank,10,42,56,2,Global-RBF,3,-0.13172058868002523,2.177784082490233,1.4970754713560397,False,False,77.29912052087995,0.0031622776601683794,1.695311209020133,1.7155518777509542,-0.13172058866723546
Griewank,10,42,57,3,Local-RBF,1,-606.0429692244423,696.8727189720444,1.4970754713560397,False,False,1321.6414789686742,0.0031622776601683794,1.148901255919089,-606.0429692244437,1.8266073970660788
Griewank,10,42,58,1,LCB-GPR,2,-72845.4168619833,614.5273780678496,1.4970754713560397,False,False,,0.0031622776601683794,,,
Griewank,10,42,59,2,Global-RBF,3,0.16851058195311452,1.5758307279560073,1.4970754713560397,False,False,71.15742212911547,0.0031622776601683794,1.1934485835246278,1.9323956055558256,0.168510581964199
Griewank,10,42,60,3,Local-RBF,1,-54.63380332065988,277.72599074063976,1.4970754713560397,False,False,878.0252983775981,0.0031622776601683794,1.3715794248188118,-54.63380332065986,1.7062167261592336
Griewank,10,42,61,1,LCB-GPR,2,-90219.01819936873,710.3809587690183,1.4970754713560397,False,False,,0.0031622776601683794,,,
Griewank,10,42,62,2,Global-RBF,2,0.5895867918712838,1.2292355445844847,1.2292355445844847,True,False,48.556320404231364,0.0031622776601683794,1.011839525487403,1.3485059378530195,0.5895867918659974
Griewank,10,42,63,2,Global-RBF,3,0.8043923260381121,1.5019764116352232,1.2292355445844847,False,False,40.2027771181886,0.0031622776601683794,1.3536726725876633,1.45464894631084,0.8043923260681254
Griewank,10,42,64,3,Local-RBF,1,-5.5241387116962075,22.065005225430426,1.2292355445844847,False,False,262.48253432594186,0.0031622776601683794,1.188696738427149,-5.524138711696224,1.5635092205560044
Griewank,10,42,65,1,LCB-GPR,2,-66353.1365588655,647.4773353121635,1.2292355445844847,False,False,,0.0031622776601683794,,,
Griewank,10,42,66,2,Global-RBF,3,0.570712759763012,1.5812420009501693,1.2292355445844847,False,False,56.35428445376237,0.0031622776601683794,1.4029000345448708,1.5611636899162704,0.5707127596720625
Griewank,10,42,67,3,Local-RBF,1,-0.2758521426283598,4.655659101117079,1.2292355445844847,False,False,103.73791524250147,0.0031622776601683794,1.2743028261785896,-0.2758521426283589,1.5134087353187942
Griewank,10,42,68,1,LCB-GPR,2,-66494.24158983349,654.9250731472562,1.2292355445844847,False,False,,0.0031622776601683794,,,
Griewank,10,42,69,2,Global-RBF,2,0.8266708514402694,1.2253698102606243,1.2253698102606243,True,False,42.41235961964272,0.0031622776601683794,1.1691430879668587,1.16878650636653,0.8266708512267087
Griewank,10,42,70,2,Global-RBF,2,0.9595328312667561,1.0494375429323721,1.0494375429323721,True,False,25.20493229469447,0.0031622776601683794,1.0436387414537194,0.9979027701863856,0.9595328312061611
Griewank,10,42,71,2,Global-RBF,3,0.9360907970228709,1.1776141722935898,1.0494375429323721,False,False,23.542680051511237,0.0031622776601683794,1.1673867388288386,1.1310298861695287,0.9360907967761705
Griewank,10,42,71,3,Local-RBF,1,1.0494375072565023,,1.0494375429323721,False,True,0.0,0.0031622776601683794,1.0494375072565019,1.0494375405623089,1.0494375600881392
Griewank,10,42,72,1,LCB-GPR,2,-49224.58915632727,565.7583274040076,1.0494375429323721,False,False,,0.0031622776601683794,,,
Griewank,10,42,73,2,Global-RBF,3,0.9783586486930744,1.156427106084279,1.0494375429323721,False,False,23.332299066279315,0.0031622776601683794,1.133328750680505,1.1304673743070452,0.9783586487291132
Griewank,10,42,73,3,Local-RBF,1,1.0494375231168456,,1.0494375429323721,False,True,0.0,0.0031622776601683794,1.0494375231168458,1.0494375426327003,1.0494375529367448
Griewank,10,42,74,1,LCB-GPR,2,-55441.42876458409,634.3918928037929,1.0494375429323721,False,False,,0.0031622776601683794,,,
Griewank,10,42,75,2,Global-RBF,2,1.0376887180507879,1.0290811467771876,1.0290811467771876,True,False,17.94793444549267,0.0031622776601683794,1.043417803760235,1.0376887180508447,1.2528357612799823
Griewank,10,42,76,2,Global-RBF,3,0.9980801226461722,1.0851100102043845,1.0290811467771876,False,False,20.059619379547364,0.0031622776601683794,1.0848174028296853,1.0580620311922075,0.998080122894919
Griewank,10,42,76,3,Local-RBF,1,1.0290811451370723,,1.0290811467771876,False,True,0.0,0.0031622776601683794,1.029081145137072,1.0290811467602383,1.029081147529071
Griewank,10,42,77,1,LCB-GPR,2,-51643.85102418038,637.1566714275409,1.0290811467771876,False,False,,0.0031622776601683794,,,
Griewank,10,42,78,2,Global-RBF,3,1.024816833307682,1.047592984722811,1.0290811467771876,False,False,7.530684504340175,0.0031622776601683794,1.0275258342969096,1.0454426876923435,1.024816833932448
Griewank,10,42,78,3,Local-RBF,1,1.0290811447193942,,1.0290811467771876,False,True,0.0,0.0031622776601683794,1.0290811447193942,1.0290811467662029,1.029081147867235
Griewank,10,42,79,1,LCB-GPR,2,-59982.84805957358,702.556663449176,1.0290811467771876,False,False,,0.0031622776601683794,,,
Griewank,10,42,80,2,Global-RBF,3,-265.65262282951784,272.4168909715153,1.0290811467771876,False,False,989.245789966187,0.0031622776601683794,-265.6526228363587,244.92431764894388,276.46273971666176
Griewank,10,42,80,3,Local-RBF,1,1.029081145262187,,1.0290811467771876,False,True,0.0,0.0031622776601683794,1.0290811452621869,1.0290811467696181,1.029081147442188
Griewank,10,42,81,1,LCB-GPR,2,-54591.969038131225,721.4759813003002,1.0290811467771876,False,False,,0.0031622776601683794,,,
Griewank,10,42,82,2,Global-RBF,3,0.9796290971806343,1.065697382611741,1.0290811467771876,False,False,16.309482871023143,0.0031622776601683794,0.9796290981894344,1.0687641634117995,1.0750669238423711
Griewank,10,42,82,3,Local-RBF,1,1.0290811444207615,,1.0290811467771876,False,True,0.0,0.0031622776601683794,1.0290811444207615,1.029081146759498,1.0290811478976551
Griewank,10,42,83,1,LCB-GPR,2,-49918.56454937599,664.676625213532,1.0290811467771876,False,False,,0.0031622776601683794,,,
Griewank,10,42,84,2,Global-RBF,2,1.0098639246793937,0.9789058626673246,0.9789058626673246,True,False,8.931898952275587,0.0031622776601683794,1.009863925129082,1.0194245231189711,1.0617188196357006
Griewank,10,42,84,2,Global-RBF,3,0.9789090451472475,,0.9789058626673246,False,True,0.0,0.0031622776601683794,0.9913322943965568,0.9789090451472475,1.0117363897486484
Griewank,10,42,85,3,Local-RBF,1,0.9490282252123405,1.1077433629125566,0.9789058626673246,False,False,13.454244255205936,0.0031622776601683794,1.0025276888606682,0.9490282252123405,0.9936090859449807
Griewank,10,42,86,1,LCB-GPR,2,-41851.21782052431,615.2367541508652,0.9789058626673246,False,False,,0.0031622776601683794,,,
Griewank,10,42,86,2,Global-RBF,3,0.9789129620572226,,0.9789058626673246,False,True,0.0,0.0031622776601683794,1.014862547731127,0.9789129620572226,1.0267347297616425
Griewank,10,42,87,3,Local-RBF,1,-473339.5038139834,657.684023472565,0.9789058626673246,False,False,1270.73218044268,0.0031622776601683794,12.777438137087225,-473339.50381398376,1.064999424864082
Griewank,10,42,88,1,LCB-GPR,2,-43098.35339844166,637.0986750362076,0.9789058626673246,False,False,,0.0031622776601683794,,,
Griewank,10,42,88,2,Global-RBF,3,0.9789131717881787,,0.9789058626673246,False,True,0.0,0.0031622776601683794,1.0155467667051994,0.9789131717882924,1.027737247650407
Griewank,10,42,89,3,Local-RBF,1,-496558.14963643556,719.444594852649,0.9789058626673246,False,False,1017.0746389275042,0.0031622776601683794,12.831937134713517,-496558.14963643526,1.064999424864082
Griewank,10,42,90,1,LCB-GPR,2,-40007.62152328659,638.1431333304481,0.9789058626673246,False,False,,0.0031622776601683794,,,
Griewank,10,42,91,2,Global-RBF,3,0.969575020918171,1.018069670159282,0.9789058626673246,False,False,12.751683898832031,0.0031622776601683794,1.026171875382147,0.969575020918171,1.0484772535348839
Griewank,10,42,92,3,Local-RBF,1,-240046.5958889231,725.5230817757258,0.9789058626673246,False,False,1345.4159972534858,0.0031622776601683794,14.329226561377315,-240046.5958889231,1.05978500767466
Griewank,10,42,93,1,LCB-GPR,2,-42222.97874333571,758.1660211067401,0.9789058626673246,False,False,,0.0031622776601683794,,,
Griewank,10,42,94,2,Global-RBF,3,-18.495706214937343,67.60867771199919,0.9789058626673246,False,False,482.7743743943705,0.0031622776601683794,-18.49570621724689,70.31793251514671,69.47276117511302
Griewank,10,42,95,3,Local-RBF,1,-235216.86415723036,667.0469178681753,0.9789058626673246,False,False,1266.1557776168363,0.0031622776601683794,14.111009367183687,-235216.86415723045,1.05978500767466
Griewank,10,42,96,1,LCB-GPR,2,-49261.433028154206,684.3271666435832,0.9789058626673246,False,False,,0.0031622776601683794,,,
Griewank,10,42,96,2,Global-RBF,3,0.9789158490695513,,0.9789058626673246,False,True,0.0,0.0031622776601683794,1.0137379984524273,0.9789158490695513,1.0264392992136777
Griewank,10,42,97,3,Local-RBF,1,-250558.42926977327,798.3989356957628,0.9789058626673246,False,False,170.88908406869703,0.0031622776601683794,14.442049035379155,-250558.42926977327,1.05978500767466
Griewank,10,42,98,1,LCB-GPR,2,-40900.243118357306,721.3614196994758,0.9789058626673246,False,False,,0.0031622776601683794,,,
Griewank,10,42,98,2,Global-RBF,3,0.9789162401082194,,0.9789058626673246,False,True,0.0,0.0031622776601683794,1.0140726845419294,0.97891624010839,1.0254958211366443
Griewank,10,42,98,3,Local-RBF,1,-240046.5958889231,,0.9789058626673246,False,True,0.0,0.0031622776601683794,14.329226561377315,-240046.5958889231,1.05978500767466
Griewank,10,42,99,1,LCB-GPR,2,-39033.31579467647,662.5668195024424,0.9789058626673246,False,False,,0.0031622776601683794,,,
Griewank,10,42,99,2,Global-RBF,3,0.9789164620933093,,0.9789058626673246,False,True,0.0,0.0031622776601683794,1.013848666573665,0.978916462093423,1.0259989496528306
Griewank,10,42,100,3,Local-RBF,1,-259409.76476931496,795.0691820678044,0.9789058626673246,False,False,123.96784267025227,0.0031622776601683794,14.503240842963129,-259409.7647693151,1.05978500767466
Griewank,10,42,101,1,LCB-GPR,2,-35292.790764633086,629.9196004812301,0.9789058626673246,False,False,,0.0031622776601683794,,,
Griewank,10,42,101,2,Global-RBF,3,0.9789168113937308,,0.9789058626673246,False,True,0.0,0.0031622776601683794,1.0143006671617627,0.9789168113937308,1.0266396134434785
Griewank,10,42,101,3,Local-RBF,1,0.9789058418977856,,0.9789058626673246,False,True,0.0,0.0031622776601683794,0.9789058418977857,0.9789058626812,0.9789058705537791
Griewank,10,42,102,1,LCB-GPR,2,-27585.868062856298,609.1933076297152,0.9789058626673246,False,False,,0.0031622776601683794,,,
Griewank,10,42,102,2,Global-RBF,3,0.978916934565575,,0.9789058626673246,False,True,0.0,0.0031622776601683794,1.0143317320058713,0.9789169345656319,1.0258302288437449
Griewank,10,42,102,3,Local-RBF,1,0.9789058418977856,,0.9789058626673246,False,True,0.0,0.0031622776601683794,0.9789058418977857,0.9789058626812,0.9789058705537791
Griewank,10,42,103,1,LCB-GPR,2,-28012.530666040417,661.1325315127638,0.9789058626673246,False,False,,0.0031622776601683794,,,
Griewank,10,42,104,2,Global-RBF,3,0.9777549333092566,1.0112686479901716,0.9789058626673246,False,False,1.7641251525748411,0.0031622776601683794,1.0103660301596733,0.9777549333095408,1.02307054904378
Griewank,10,42,105,3,Local-RBF,1,0.7731469662333658,1.230756633626859,0.9789058626673246,False,False,24.836585179818716,0.0031622776601683794,1.1997817543738793,0.7731469662333665,1.064087449738679
Griewank,10,42,106,1,LCB-GPR,2,-32286.273107213234,599.4230802336898,0.9789058626673246,False,False,,0.0031622776601683794,,,
Griewank,10,42,107,2,Global-RBF,3,0.8574851907485481,1.143584440627104,0.9789058626673246,False,False,17.208845396027435,0.0031622776601683794,1.124658283327392,0.8574851907483207,1.159267549954734
Griewank,10,42,108,3,Local-RBF,1,-198587.0172115781,688.4478023525639,0.9789058626673246,False,False,1044.3550014564319,0.0031622776601683794,14.728039227106056,-198587.01721157852,1.0536491051604933
Griewank,10,42,109,1,LCB-GPR,2,-28215.098456143314,655.8394455290354,0.9789058626673246,False,False,,0.0031622776601683794,,,
Griewank,10,42,110,2,Global-RBF,3,0.9675701266088481,1.0258134400816337,0.9789058626673246,False,False,4.148031272037806,0.0031622776601683794,1.017781169264424,0.9675701266087913,1.0421538523083882
Griewank,10,43,21,1,LCB-GPR,2,-51120.60215266693,668.3865026773138,101.89136861656135,False,False,,0.0031622776601683794,,,
Griewank,10,43,22,2,Global-RBF,3,-14765.343150697892,797.3690497813245,101.89136861656135,False,False,1712.8056856747867,0.0031622776601683794,462.3212370073014,-14765.343150697896,258.0886810622869
Griewank,10,43,23,3,Local-RBF,1,-4839.744449001352,705.7534160675343,101.89136861656135,False,False,1276.6723247866612,0.0031622776601683794,82.22650442035115,-4839.74444900135,132.30523136677942
Griewank,10,43,24,1,LCB-GPR,2,-156215.1333349841,650.6472021930338,101.89136861656135,False,False,,0.0031622776601683794,,,
Griewank,10,43,25,2,Global-RBF,2,-88.63747812363539,83.1538650137298,83.1538650137298,True,False,955.8705728031829,0.0031622776601683794,147.66877087933915,-88.63747812363533,321.12624376047853
Griewank,10,43,26,2,Global-RBF,2,-0.5705960646323547,2.5444847469158756,2.5444847469158756,True,False,569.228768358603,0.0031622776601683794,-0.5705960646318431,33.33911740442852,66.58617347053791
Griewank,10,43,27,2,Global-RBF,3,-12.921813062340846,32.59224812671556,2.5444847469158756,False,False,365.19296055746264,0.0031622776601683794,52.49940335883065,-12.921813062340789,75.006596414446
Griewank,10,43,28,3,Local-RBF,1,-1812.451987751206,790.6447979849778,2.5444847469158756,False,False,1212.9453257487842,0.0031622776601683794,-16.341951053621475,-1812.451987751206,17.568366436815715
Griewank,10,43,29,1,LCB-GPR,2,-212352.94638863578,659.1077471119128,2.5444847469158756,False,False,,0.0031622776601683794,,,
Griewank,10,43,30,2,Global-RBF,3,-34.21228907509271,45.400522378412084,2.5444847469158756,False,False,365.4955471930904,0.0031622776601683794,31.309871282664858,55.772747655522835,-34.21228907509271
Griewank,10,43,31,3,Local-RBF,1,-4075.172661314262,717.4442585727159,2.5444847469158756,False,False,453.554684874468,0.0031622776601683794,-31.561006634139133,-4075.172661314262,26.84575175068117
Griewank,10,43,32,1,LCB-GPR,2,-177108.77828469878,686.0141720927345,2.5444847469158756,False,False,,0.0031622776601683794,,,
Griewank,10,43,33,2,Global-RBF,3,-7.435958465191277,8.031353788835855,2.5444847469158756,False,False,177.47938362940798,0.0031622776601683794,3.7733048168844903,15.531375875945628,-7.4359584651910495
Griewank,10,43,34,3,Local-RBF,1,-203.46521393525742,378.19630630707366,2.5444847469158756,False,False,767.2942290352973,0.0031622776601683794,-7.774496441575115,-203.46521393525742,14.389356939687367
Griewank,10,43,35,1,LCB-GPR,2,-188570.92828908822,716.552662403008,2.5444847469158756,False,False,,0.0031622776601683794,,,
Griewank,10,43,36,2,Global-RBF,3,-5.1003921317586105,9.668491750174478,2.5444847469158756,False,False,165.05958761146084,0.0031622776601683794,6.0928953249697315,12.319831870962958,-5.100392131758724
Griewank,10,43,37,3,Local-RBF,1,-172.97829885036413,247.6571985946279,2.5444847469158756,False,False,976.6185637405268,0.0031622776601683794,-0.35631287236350584,-172.97829885036418,6.7481100953087365
Griewank,10,43,38,1,LCB-GPR,2,-161883.96760461965,714.8607813169865,2.5444847469158756,False,False,,0.0031622776601683794,,,
Griewank,10,43,39,2,Global-RBF,3,-1.0843221304276085,2.718159143283348,2.5444847469158756,False,False,131.36504130090853,0.0031622776601683794,5.99491371208444,-1.0843221304276085,9.20630082730662
Griewank,10,43,40,3,Local-RBF,1,-248.67867166736173,367.6004543206814,2.5444847469158756,False,False,1099.1954082718482,0.0031622776601683794,-0.7442762143445529,-248.6786716673614,4.431332559678359
Griewank,10,43,41,1,LCB-GPR,2,-154119.90323308585,686.6617323656038,2.5444847469158756,False,False,,0.0031622776601683794,,,
Griewank,10,43,42,2,Global-RBF,3,-6.855156619258992,7.353522814327613,2.5444847469158756,False,False,163.37106013397013,0.0031622776601683794,3.928824237122228,9.306000840627632,-6.855156619264051
Griewank,10,43,43,3,Local-RBF,1,-64.34136613964816,126.93128400798646,2.5444847469158756,False,False,691.3234749974847,0.0031622776601683794,-0.7587447396668834,-64.34136613964816,5.161879413812874
Griewank,10,43,44,1,LCB-GPR,2,-126899.21052367921,662.4218897702984,2.5444847469158756,False,False,,0.0031622776601683794,,,
Griewank,10,43,45,2,Global-RBF,3,-3.765467104997299,7.889247608587541,2.5444847469158756,False,False,145.5765520304438,0.0031622776601683794,6.41912583991234,7.995351129472283,-3.7654671049921262
Griewank,10,43,46,3,Local-RBF,1,-2.091190476977416,15.246503933058131,2.5444847469158756,False,False,230.0549901897031,0.0031622776601683794,1.431077298987677,-2.091190476977416,4.538154101476099
Griewank,10,43,47,1,LCB-GPR,2,-119837.91265735209,636.0298981561881,2.5444847469158756,False,False,,0.0031622776601683794,,,
Griewank,10,43,48,2,Global-RBF,3,-3.5096859779718557,5.168321785851644,2.5444847469158756,False,False,147.91756676845267,0.0031622776601683794,3.962128549676038,5.041870247760414,-3.5096859779733336
Griewank,10,43,49,3,Local-RBF,1,-16.227020965371967,47.2271135499153,2.5444847469158756,False,False,410.7728690702265,0.0031622776601683794,0.09018805882611503,-16.22702096537197,4.423829068096909
Griewank,10,43,50,1,LCB-GPR,2,-92129.16031335875,635.7564761540831,2.5444847469158756,False,False,,0.0031622776601683794,,,
Griewank,10,43,51,2,Global-RBF,3,-1.1833317681494577,2.7686316838856913,2.5444847469158756,False,False,113.93451622126551,0.0031622776601683794,2.117288241354345,3.348719089727581,-1.1833317681421818
Griewank,10,43,52,3,Local-RBF,1,-22.43288274983368,69.94285560818477,2.5444847469158756,False,False,344.18857586560017,0.0031622776601683794,0.16918617242270795,-22.432882749833688,4.10930972306211
Griewank,10,43,53,1,LCB-GPR,2,-88284.18546781242,681.0892653925293,2.5444847469158756,False,False,,0.0031622776601683794,,,
Griewank,10,43,54,2,Global-RBF,2,0.47737594913792236,1.9806555888952175,1.9806555888952175,True,False,85.33191896298129,0.0031622776601683794,1.423570267950538,1.4370426983194307,0.4773759491354781
Griewank,10,43,55,2,Global-RBF,3,0.06860807630766885,2.2291678800232777,1.9806555888952175,False,False,79.24350234454432,0.0031622776601683794,1.7892014471003677,2.4057139294841363,0.06860807630766885
Griewank,10,43,56,3,Local-RBF,1,-2.405755541551272,17.318357621598626,1.9806555888952175,False,False,137.2255582544468,0.0031622776601683794,1.742837294237266,-2.405755541551272,2.445470888406093
Griewank,10,43,57,1,LCB-GPR,2,-89862.58693594296,685.141704779946,1.9806555888952175,False,False,,0.0031622776601683794,,,
Griewank,10,43,58,2,Global-RBF,3,-1.4234488148840114,5.604272315033308,1.9806555888952175,False,False,111.64910983340356,0.0031622776601683794,4.698561034720228,6.118463611800621,-1.4234488148887863
Griewank,10,43,59,3,Local-RBF,1,1.034665756162225,35.132824176494,1.9806555888952175,False,False,302.7145058581758,0.0031622776601683794,2.045675710553738,1.0346657561622272,2.4479392034634024
Griewank,10,43,60,1,LCB-GPR,2,-74649.58473381099,646.3831527269608,1.9806555888952175,False,False,,0.0031622776601683794,,,
Griewank,10,43,61,2,Global-RBF,3,0.4713268818202323,2.6927644484024236,1.9806555888952175,False,False,80.05857992921445,0.0031622776601683794,2.1246177092052676,3.390660655965121,0.4713268818610459
Griewank,10,43,61,3,Local-RBF,1,1.980655570192316,,1.9806555888952175,False,True,0.0,0.0031622776601683794,1.980655570192316,1.9806555887516621,1.9806555984701228
Griewank,10,43,62,1,LCB-GPR,2,-69043.66700719367,714.3148808972184,1.9806555888952175,False,False,,0.0031622776601683794,,,
Griewank,10,43,63,2,Global-RBF,2,0.8263077710416269,1.105259126800683,1.105259126800683,True,False,66.71582373951927,0.0031622776601683794,1.292813563959271,0.8263077710416837,2.2096788502717573
Griewank,10,43,64,2,Global-RBF,3,0.7882036930171239,1.3138717561766633,1.105259126800683,False,False,35.099376080771016,0.0031622776601683794,1.2304407142630112,1.2585345542162827,0.7882036930209892
Griewank,10,43,64,3,Local-RBF,1,1.105259073935737,,1.105259126800683,False,True,0.0,0.0031622776601683794,1.1052590739357364,1.105259127040787,1.1052591486053385
Griewank,10,43,65,1,LCB-GPR,2,-66678.57563709196,678.4097538026793,1.105259126800683,False,False,,0.0031622776601683794,,,
Griewank,10,43,66,2,Global-RBF,3,0.789826571657045,1.3534088693570137,1.105259126800683,False,False,26.761931563424064,0.0031622776601683794,1.2890873658759574,1.2641380998249474,0.7898265714065928
Griewank,10,43,67,3,Local-RBF,1,1.0944185316749977,1.4862673359709582,1.105259126800683,False,False,32.57289515768115,0.0031622776601683794,1.158935641935734,1.094418531674998,1.190144890928762
Griewank,10,43,68,1,LCB-GPR,2,-63629.94995704968,676.3795169569437,1.105259126800683,False,False,,0.0031622776601683794,,,
Griewank,10,43,69,2,Global-RBF,3,0.807913123226399,1.4393105211306587,1.105259126800683,False,False,40.90118469786085,0.0031622776601683794,1.3223717404057425,1.423149445839897,0.8079131227710832
Griewank,10,43,69,3,Local-RBF,1,1.1052591086366372,,1.105259126800683,False,True,0.0,0.0031622776601683794,1.1052591086366375,1.1052591265848417,1.1052591368991276
Griewank,10,43,70,1,LCB-GPR,2,-61231.851041737274,660.1638828615571,1.105259126800683,False,False,,0.0031622776601683794,,,
Griewank,10,43,71,2,Global-RBF,2,1.0224065019529007,1.0994000236880082,1.0994000236880082,True,False,28.383661607937544,0.0031622776601683794,1.0663879002506746,1.1069302284733453,1.0224065020470903
Griewank,10,43,72,2,Global-RBF,2,1.0349838001234275,1.025312333034535,1.025312333034535,True,False,18.61183876131398,0.0031622776601683794,1.0700822936493068,1.0349838001233138,1.15844205615781
Griewank,10,43,73,2,Global-RBF,3,0.9666922175010768,1.114326670481055,1.025312333034535,False,False,18.30249660953786,0.0031622776601683794,1.0756344956004682,1.1054887300969085,0.9666922175010768
Griewank,10,43,73,3,Local-RBF,1,1.0253123323976236,,1.025312333034535,False,True,0.0,0.0031622776601683794,1.0253123323976236,1.0253123330158571,1.0253123345237716
Griewank,10,43,74,1,LCB-GPR,2,-73623.79757142965,717.1316494661401,1.025312333034535,False,False,,0.0031622776601683794,,,
Griewank,10,43,75,2,Global-RBF,3,0.7833738506784016,1.2865374092756467,1.025312333034535,False,False,31.66812404294992,0.0031622776601683794,0.7833738505045176,1.2367685499261256,1.3718145181373984
Griewank,10,43,75,3,Local-RBF,1,1.0253123219950029,,1.025312333034535,False,True,0.0,0.0031622776601683794,1.0253123219950027,1.0253123330363232,1.0253123371629018
Griewank,10,43,76,1,LCB-GPR,2,-65425.29996232029,801.860806237925,1.025312333034535,False,False,,0.0031622776601683794,,,
Griewank,10,43,77,2,Global-RBF,3,0.9575859760029175,1.120124550758955,1.025312333034535,False,False,20.86438174540605,0.0031622776601683794,1.0997039978340126,1.113246557003606,0.9575859761249035
Griewank,10,43,78,3,Local-RBF,1,-86.6133477837473,60.30309812659195,1.025312333034535,False,False,477.06277830402405,0.0031622776601683794,2.8115007029603105,-86.61334778374695,1.152118838602221
Griewank,10,43,79,1,LCB-GPR,2,-54205.26292147578,730.6182689385009,1.025312333034535,False,False,,0.0031622776601683794,,,
Griewank,10,43,80,2,Global-RBF,3,0.9209495152925342,1.118044683875853,1.025312333034535,False,False,20.178357709113904,0.0031622776601683794,1.0921392643853665,1.12616583429633,0.920949515109271
Griewank,10,43,81,3,Local-RBF,1,0.21334708712796946,1.7945132429791284,1.025312333034535,False,False,48.85997929759434,0.0031622776601683794,1.22920715609286,0.2133470871279688,1.1433445195036986
Griewank,10,43,82,1,LCB-GPR,2,-47139.01273554678,626.0491299722378,1.025312333034535,False,False,,0.0031622776601683794,,,
Griewank,10,43,83,2,Global-RBF,2,1.015691809227917,1.0113754257179834,1.0113754257179834,True,False,9.897718596535627,0.0031622776601683794,1.019255082766108,1.0156918092278602,1.0653606984440103
Griewank,10,43,84,2,Global-RBF,3,1.0002101897998728,1.0160570668720128,1.0113754257179834,False,False,13.466821115328454,0.0031622776601683794,1.0387076262563824,1.035531204505844,1.0002101897998728
Griewank,10,43,85,3,Local-RBF,3,0.9691964870832201,1.0080560534820955,1.0080560534820955,True,False,12.766521522820188,0.0031622776601683794,0.9945000303753839,0.9691964870832201,1.0112798687779203
Griewank,10,43,85,3,Local-RBF,1,1.0080560534989735,,1.0080560534820955,False,True,0.0,0.0031622776601683794,1.0080560535698586,1.0080560534989735,1.0080560535049878
Griewank,10,43,86,1,LCB-GPR,2,-45714.51462050791,634.0456165820761,1.0080560534820955,False,False,,0.0031622776601683794,,,
Griewank,10,43,87,2,Global-RBF,3,0.43378596069157993,2.6527975171032843,1.0080560534820955,False,False,75.21292497245743,0.0031622776601683794,0.4337859585450019,2.660723312977211,3.3337754566467765
Griewank,10,43,87,3,Local-RBF,1,1.0080560534989735,,1.0080560534820955,False,True,0.0,0.0031622776601683794,1.0080560535698586,1.0080560534989735,1.0080560535049878
Griewank,10,43,88,1,LCB-GPR,2,-49277.09064461744,691.002127578988,1.0080560534820955,False,False,,0.0031622776601683794,,,
Griewank,10,43,89,2,Global-RBF,3,0.880853864266328,1.2113600134654878,1.0080560534820955,False,False,25.605556439392437,0.0031622776601683794,0.8808538688173257,1.2338725091908032,1.3700153723935955
Griewank,10,43,90,3,Local-RBF,1,0.9878410503171691,1.0181648894851332,1.0080560534820955,False,False,9.117075756061082,0.0031622776601683794,1.0387940292525335,0.9878410503171691,1.0436678805770139
Griewank,10,43,91,1,LCB-GPR,2,-41899.51791868021,630.9888513881958,1.0080560534820955,False,False,,0.0031622776601683794,,,
Griewank,10,43,92,2,Global-RBF,3,0.994943943072883,1.1472695172441085,1.0080560534820955,False,False,22.871352026226752,0.0031622776601683794,1.0816859417084856,1.147079972646054,0.9949439429319114
Griewank,10,43,92,3,Local-RBF,1,1.0080560528078835,,1.0080560534820955,False,True,0.0,0.0031622776601683794,1.0080560528078835,1.0080560534851302,1.0080560537758116
Griewank,10,43,93,1,LCB-GPR,2,-36327.993959519335,677.8765216674147,1.0080560534820955,False,False,,0.0031622776601683794,,,
Griewank,10,43,94,2,Global-RBF,3,-278.88280027508955,259.8357497835214,1.0080560534820955,False,False,953.6721270314198,0.0031622776601683794,-278.88280029219305,235.26276156891618,226.64394721031584
Griewank,10,43,94,3,Local-RBF,1,1.0080560528078835,,1.0080560534820955,False,True,0.0,0.0031622776601683794,1.0080560528078835,1.0080560534851302,1.0080560537758116
Griewank,10,43,95,1,LCB-GPR,2,-46503.749535190866,706.6800444652399,1.0080560534820955,False,False,,0.0031622776601683794,,,
Griewank,10,43,96,2,Global-RBF,3,0.9661450602352488,1.038435822136342,1.0080560534820955,False,False,11.473836207978772,0.0031622776601683794,1.0379878582852484,1.0248332274123868,0.9661450618381764
Griewank,10,43,96,3,Local-RBF,1,1.0080560526546998,,1.0080560534820955,False,True,0.0,0.0031622776601683794,1.0080560526546998,1.008056053493468,1.0080560538048886
Griewank,10,43,97,1,LCB-GPR,2,-38559.71571860966,728.1248547511964,1.0080560534820955,False,False,,0.0031622776601683794,,,
Griewank,10,43,97,2,Global-RBF,3,1.0080568027377694,,1.0080560534820955,False,True,0.0,0.0031622776601683794,1.0376850078436064,1.0080568027376557,1.0406720963270573
Griewank,10,43,98,3,Local-RBF,1,1.0003619275876883,1.016444400831489,1.0080560534820955,False,False,3.95388680509412,0.0031622776601683794,1.0077861850800003,1.0003619275876883,1.0090056671679366
Griewank,10,43,99,1,LCB-GPR,2,-24340.8041766504,687.1670808939729,1.0080560534820955,False,False,,0.0031622776601683794,,,
Griewank,10,43,100,2,Global-RBF,3,0.9969918590691691,1.0220376894919592,1.0080560534820955,False,False,5.874126158956094,0.0031622776601683794,1.0262475148756494,1.015602447286824,0.9969918601701124
Griewank,10,43,100,3,Local-RBF,1,1.0080560534778116,,1.0080560534820955,False,True,0.0,0.0031622776601683794,1.0080560535390266,1.0080560534778116,1.0080560536112748
Griewank,10,43,101,1,LCB-GPR,2,-31755.76909200327,638.7985683139966,1.0080560534820955,False,False,,0.0031622776601683794,,,
Griewank,10,43,102,2,Global-RBF,3,0.9999196969920376,1.0456494427166683,1.0080560534820955,False,False,6.236087013393478,0.0031622776601683794,1.0459176766739802,1.0210039535897977,0.9999196983429215
Griewank,10,43,103,3,Local-RBF,1,0.7766954018162695,1.0815282344834936,1.0080560534820955,False,False,14.2411474414576,0.0031622776601683794,1.0907764933145598,0.7766954018162701,1.030305008629958
Griewank,10,43,104,1,LCB-GPR,2,-21413.670877990407,673.0589967161219,1.0080560534820955,False,False,,0.0031622776601683794,,,
Griewank,10,43,105,2,Global-RBF,2,1.0028553769914765,0.9851473877258555,0.9851473877258555,True,False,3.095782782389933,0.0031622776601683794,1.0297533947356214,1.0028553769913628,1.0359125956152297
Griewank,10,43,106,2,Global-RBF,3,0.9848614806689966,1.0645586620276029,0.9851473877258555,False,False,12.798382791133154,0.0031622776601683794,1.0324297412656733,0.9848614806691103,1.0406806307465217
Griewank,10,43,106,3,Local-RBF,1,0.9851473858692726,,0.9851473877258555,False,True,0.0,0.0031622776601683794,0.9851473858692726,0.9851473877284671,0.9851473885652763
Griewank,10,43,107,1,LCB-GPR,2,-43214.24528868134,771.5768642087487,0.9851473877258555,False,False,,0.0031622776601683794,,,
Griewank,10,43,107,2,Global-RBF,3,0.9851680425650784,,0.9851473877258555,False,True,0.0,0.0031622776601683794,1.032016053161101,0.9851680425651352,1.0199194265977098
Griewank,10,43,108,3,Local-RBF,3,0.9748725928549195,0.9803173050067862,0.9803173050067862,True,False,2.1044895046100076,0.0031622776601683794,0.9859454369069368,0.9748725928549195,0.9860191065275896
Griewank,10,43,108,3,Local-RBF,1,-307700.49759535136,,0.9803173050067862,False,True,0.0,0.0031622776601683794,4.8390555529525905,-307700.4975953513,1.0121348373784191
Griewank,10,43,109,1,LCB-GPR,2,-36558.282284227505,710.8005166843948,0.9803173050067862,False,False,,0.0031622776601683794,,,
Griewank,10,43,110,2,Global-RBF,3,0.9794325913561579,1.1096727807314497,0.9803173050067862,False,False,4.4147805637371755,0.0031622776601683794,1.0120587262087497,0.9794325913562716,1.0022800870804076
Griewank,10,44,21,1,LCB-GPR,2,-23807.479417354774,671.0135951454033,179.2004821919709,False,False,,0.0031622776601683794,,,
Griewank,10,44,22,2,Global-RBF,3,-1162.4958935611678,728.8203948253296,179.2004821919709,False,False,1392.3449762300177,0.0031622776601683794,343.75494493009273,-1162.4958935611671,225.4285746373643
Griewank,10,44,23,3,Local-RBF,1,-135.9113282432395,770.8084716153227,179.2004821919709,False,False,1474.515438982039,0.0031622776601683794,171.33974995305593,-135.9113282432395,190.17908972835792
Griewank,10,44,24,1,LCB-GPR,2,-127012.25125367867,699.390871761917,179.2004821919709,False,False,,0.0031622776601683794,,,
Griewank,10,44,25,2,Global-RBF,2,-119.12358596539491,56.696287640403156,56.696287640403156,True,False,959.5494984166114,0.0031622776601683794,134.20630717080707,-119.12358596539485,299.85380620525314
Griewank,10,44,26,2,Global-RBF,2,8.888479498351046,26.76527060901878,26.76527060901878,True,False,744.2544469029756,0.0031622776601683794,53.80100208026869,8.888479498351046,191.7724317630769
Griewank,10,44,27,2,Global-RBF,2,-12.180914300448705,15.797563105503347,15.797563105503347,True,False,379.6306934734763,0.0031622776601683794,5.337970842853622,33.755830650723,-12.180914300450013
Griewank,10,44,28,2,Global-RBF,2,-5.359223876428018,1.4142546044079307,1.4142546044079307,True,False,265.18000468126047,0.0031622776601683794,-5.3592238764287,25.279847422707178,4.147584177770739
Griewank,10,44,29,2,Global-RBF,3,-1.592285628122795,4.297386674915628,1.4142546044079307,False,False,98.1906275691824,0.0031622776601683794,3.3597964529712954,4.237995701789316,-1.5922856281233067
Griewank,10,44,30,3,Local-RBF,1,-6554.708194878198,723.3002309159336,1.4142546044079307,False,False,1209.5777840547057,0.0031622776601683794,0.03518725013535118,-6554.708194878207,2.855820639661779
Griewank,10,44,31,1,LCB-GPR,2,-191014.76210934974,687.1648495157069,1.4142546044079307,False,False,,0.0031622776601683794,,,
Griewank,10,44,32,2,Global-RBF,3,-1.277196457431046,6.539717321886168,1.4142546044079307,False,False,158.3343924110906,0.0031622776601683794,11.022166443431445,-1.277196457431046,14.841949936017897
Griewank,10,44,33,3,Local-RBF,1,-43.71438692136488,59.864151387535046,1.4142546044079307,False,False,486.9893662457391,0.0031622776601683794,-0.9022973626909847,-43.71438692136488,4.078108417525432
Griewank,10,44,34,1,LCB-GPR,2,-159720.18367223846,604.6035652018392,1.4142546044079307,False,False,,0.0031622776601683794,,,
Griewank,10,44,35,2,Global-RBF,3,-2.7273472550174915,3.4385030540924824,1.4142546044079307,False,False,119.90220884817374,0.0031622776601683794,1.9367484825916677,5.423029192324577,-2.7273472550177758
Griewank,10,44,36,3,Local-RBF,1,-1889.199277694993,760.6271417369184,1.4142546044079307,False,False,350.1739745848318,0.0031622776601683794,0.5040121070089953,-1889.1992776949955,3.0500481111386804
Griewank,10,44,37,1,LCB-GPR,2,-138875.38003239423,645.5069554064943,1.4142546044079307,False,False,,0.0031622776601683794,,,
Griewank,10,44,38,2,Global-RBF,3,-5.741203333196779,14.042257823206583,1.4142546044079307,False,False,221.95788852894276,0.0031622776601683794,10.239935333601068,17.427297735098307,-5.741203333197859
Griewank,10,44,39,3,Local-RBF,1,-1893.46896610432,759.9291879653296,1.4142546044079307,False,False,189.06602097014843,0.0031622776601683794,0.4124700132055601,-1893.4689661043235,3.0500481111386804
Griewank,10,44,40,1,LCB-GPR,2,-136716.97890760412,678.6905979998409,1.4142546044079307,False,False,,0.0031622776601683794,,,
Griewank,10,44,41,2,Global-RBF,3,-3.884310726638887,4.393541469448882,1.4142546044079307,False,False,134.02873530659213,0.0031622776601683794,2.5874355586905153,7.0471813080670245,-3.884310726639171
Griewank,10,44,42,3,Local-RBF,1,-86.27063037160876,105.3802830411085,1.4142546044079307,False,False,294.0971158596894,0.0031622776601683794,-0.036679565207487386,-86.2706303716088,3.3859214482988316
Griewank,10,44,43,1,LCB-GPR,2,-118611.16696957388,650.067567285318,1.4142546044079307,False,False,,0.0031622776601683794,,,
Griewank,10,44,44,2,Global-RBF,3,-3.509130100987875,5.3678358204483425,1.4142546044079307,False,False,132.647388045908,0.0031622776601683794,2.486653216678519,6.9091074823597864,-3.5091301009908307
Griewank,10,44,45,3,Local-RBF,1,-73.2161278051006,76.470868779391,1.4142546044079307,False,False,206.18747466924,0.0031622776601683794,0.05795900248166452,-73.21612780510061,3.385921449875407
Griewank,10,44,46,1,LCB-GPR,2,-107583.43164631602,687.8139342658666,1.4142546044079307,False,False,,0.0031622776601683794,,,
Griewank,10,44,47,2,Global-RBF,3,-0.9829418227956239,2.2818778109068716,1.4142546044079307,False,False,78.6753507996979,0.0031622776601683794,1.5403092797103,2.2956406413019295,-0.9829418228003419
Griewank,10,44,48,3,Local-RBF,1,-3.8449853360186794,7.686340746980705,1.4142546044079307,False,False,168.12477195158237,0.0031622776601683794,1.2294666985303428,-3.844985336018683,2.851986352212448
Griewank,10,44,49,1,LCB-GPR,2,-101227.17550038247,719.483104807331,1.4142546044079307,False,False,,0.0031622776601683794,,,
Griewank,10,44,50,2,Global-RBF,3,0.035633064862679475,1.7420616618748288,1.4142546044079307,False,False,65.1212897057053,0.0031622776601683794,1.3639448284092168,1.3368391448415196,0.035633064866487985
Griewank,10,44,51,3,Local-RBF,1,-7.609750508980998,6.852843662787885,1.4142546044079307,False,False,144.24401859000452,0.0031622776601683794,0.3951735069100826,-7.609750508980998,2.4875647777831347
Griewank,10,44,52,1,LCB-GPR,2,-97248.75453998848,697.3426529240038,1.4142546044079307,False,False,,0.0031622776601683794,,,
Griewank,10,44,53,2,Global-RBF,3,0.29250562500033084,1.5362365911285845,1.4142546044079307,False,False,62.37991547586842,0.0031622776601683794,0.9348979689858652,2.098688790630888,0.29250562500573096
Griewank,10,44,54,3,Local-RBF,1,1.1380539963224214,1.81425348513305,1.4142546044079307,False,False,32.34522211166127,0.0031622776601683794,1.3826178787925494,1.1380539963224217,1.5148799688957242
Griewank,10,44,55,1,LCB-GPR,2,-89043.90029410613,642.0953297309321,1.4142546044079307,False,False,,0.0031622776601683794,,,
Griewank,10,44,56,2,Global-RBF,2,0.6604801475789941,1.2869784030426028,1.2869784030426028,True,False,43.14445550179855,0.0031622776601683794,1.0976212778059562,1.2420545064965154,0.6604801475759245
Griewank,10,44,57,2,Global-RBF,3,0.9727686451936393,1.4145426899488454,1.2869784030426028,False,False,38.2994730855109,0.0031622776601683794,1.2919858468313237,1.2513609388601594,0.9727686451624891
Griewank,10,44,57,3,Local-RBF,1,1.2869783965188337,,1.2869784030426028,False,True,0.0,0.0031622776601683794,1.2869783965188337,1.2869784030090963,1.286978406509883
Griewank,10,44,58,1,LCB-GPR,2,-81423.80699924046,665.2691096114121,1.2869784030426028,False,False,,0.0031622776601683794,,,
Griewank,10,44,59,2,Global-RBF,3,0.8541694755132312,1.7256971515903812,1.2869784030426028,False,False,47.89504376964316,0.0031622776601683794,1.6012814857930948,1.7889230079022695,0.8541694756361267
Griewank,10,44,60,3,Local-RBF,1,-19895.727328187008,596.9059664308226,1.2869784030426028,False,False,919.8945029338203,0.0031622776601683794,2.587595409317598,-19895.727328186946,1.475541888023669
Griewank,10,44,61,1,LCB-GPR,2,-71811.30352891021,612.0525413250429,1.2869784030426028,False,False,,0.0031622776601683794,,,
Griewank,10,44,62,2,Global-RBF,3,0.9662659101911686,1.446017162975728,1.2869784030426028,False,False,46.29687225026022,0.0031622776601683794,1.364211474065371,1.494758666059795,0.9662659105357534
Griewank,10,44,63,3,Local-RBF,1,-30.691088963560397,102.5434589542943,1.2869784030426028,False,False,592.2495589096184,0.0031622776601683794,1.1579820064189015,-30.691088963560397,1.4706211005156788
Griewank,10,44,64,1,LCB-GPR,2,-75510.59811887488,654.0464144795935,1.2869784030426028,False,False,,0.0031622776601683794,,,
Griewank,10,44,65,2,Global-RBF,2,0.8886917962808525,1.0845827237575412,1.0845827237575412,True,False,42.03519281103172,0.0031622776601683794,1.214015377480166,0.8886917962808525,1.8100568083215194
Griewank,10,44,66,2,Global-RBF,3,0.9256160524817005,1.295594247730752,1.0845827237575412,False,False,33.10209206116986,0.0031622776601683794,1.253627189249869,1.2489206844281853,0.9256160524776078
Griewank,10,44,67,3,Local-RBF,1,-1081.6760866425957,763.3672498569249,1.0845827237575412,False,False,1449.1190312107587,0.0031622776601683794,0.9148259360688686,-1081.6760866425975,1.3236616386439
Griewank,10,44,68,1,LCB-GPR,2,-86927.87581220709,698.5888696191344,1.0845827237575412,False,False,,0.0031622776601683794,,,
Griewank,10,44,69,2,Global-RBF,3,0.9811769422137786,1.092994012387671,1.0845827237575412,False,False,20.813843158445405,0.0031622776601683794,1.0826535557295074,1.111688700551781,0.9811769422732368
Griewank,10,44,70,3,Local-RBF,1,-4.491002698641873,10.410183748277747,1.0845827237575412,False,False,155.10938945680178,0.0031622776601683794,1.0733822326422775,-4.491002698641873,1.264824445972227
Griewank,10,44,71,1,LCB-GPR,2,-65109.63695639212,617.8418959753432,1.0845827237575412,False,False,,0.0031622776601683794,,,
Griewank,10,44,72,2,Global-RBF,3,0.9682421128594001,1.1693939539355243,1.0845827237575412,False,False,23.09775733610939,0.0031622776601683794,1.151067759083105,1.1321807030423656,0.968242112883388
Griewank,10,44,72,3,Local-RBF,1,1.0845827237423482,,1.0845827237575412,False,True,0.0,0.0031622776601683794,1.0845827237453065,1.0845827237423482,1.084582724949471
Griewank,10,44,73,1,LCB-GPR,2,-59049.232769161325,626.1272128431563,1.0845827237575412,False,False,,0.0031622776601683794,,,
Griewank,10,44,74,2,Global-RBF,2,1.0357366248651374,1.0306535002781483,1.0306535002781483,True,False,16.782649495554573,0.0031622776601683794,1.0357366250277664,1.0915015323495822,1.1901624416209415
Griewank,10,44,75,2,Global-RBF,2,1.016892214955476,1.0192309944588942,1.0192309944588942,True,False,11.377145718627725,0.0031622776601683794,1.0168922147601052,1.0238406654262349,1.0266100701345522
Griewank,10,44,76,2,Global-RBF,3,1.0043115940775351,1.022111517646878,1.0192309944588942,False,False,14.354451244000325,0.0031622776601683794,1.015415771498624,1.0081776536724192,1.0043115946643297
Griewank,10,44,77,3,Local-RBF,1,-121682.37195451555,717.9450016991676,1.0192309944588942,False,False,1212.8036285795306,0.0031622776601683794,5.766544397285812,-121682.3719545157,1.1008493007867515
Griewank,10,44,78,1,LCB-GPR,2,-49815.841930738105,649.2985034515347,1.0192309944588942,False,False,,0.0031622776601683794,,,
Griewank,10,44,79,2,Global-RBF,3,0.8936586795913968,1.1636261599247453,1.0192309944588942,False,False,21.282706243488146,0.0031622776601683794,0.8936586801182784,1.2032433783707575,1.2260711076579582
Griewank,10,44,79,3,Local-RBF,1,1.0192309944319027,,1.0192309944588942,False,True,0.0,0.0031622776601683794,1.0192309947494105,1.0192309944319027,1.019230994941475
Griewank,10,44,80,1,LCB-GPR,2,-57331.59774125813,725.5840180617942,1.0192309944588942,False,False,,0.0031622776601683794,,,
Griewank,10,44,81,2,Global-RBF,3,0.9707749921738014,1.0240494451262367,1.0192309944588942,False,False,20.12923036264932,0.0031622776601683794,1.0767344802714547,1.1374889161370447,0.9707749927046052
Griewank,10,44,82,3,Local-RBF,1,0.7892387148576925,1.1026005508758032,1.0192309944588942,False,False,21.26797586991135,0.0031622776601683794,1.0052101252370051,0.7892387148576925,1.031250690224792
Griewank,10,44,83,1,LCB-GPR,2,-50291.80482324386,611.1516172647913,1.0192309944588942,False,False,,0.0031622776601683794,,,
Griewank,10,44,84,2,Global-RBF,3,0.9803927999912503,1.127443039816136,1.0192309944588942,False,False,19.534660287265886,0.0031622776601683794,0.9803927998128188,1.0498628049844,1.1240395485073122
Griewank,10,44,85,3,Local-RBF,1,-353403.2025374654,688.0600206078088,1.0192309944588942,False,False,934.3523525733792,0.0031622776601683794,5.768479589741135,-353403.2025374654,1.0629582230434136
Griewank,10,44,86,1,LCB-GPR,2,-46122.223731364254,659.2736411853551,1.0192309944588942,False,False,,0.0031622776601683794,,,
Griewank,10,44,87,2,Global-RBF,3,-1.8026804799898173,18.687560970666933,1.0192309944588942,False,False,216.10088071951273,0.0031622776601683794,-1.8026804821319615,18.685643337210763,29.408349666432457
Griewank,10,44,87,3,Local-RBF,1,-345734.54489003954,,1.0192309944588942,False,True,0.0,0.0031622776601683794,5.721381918960747,-345734.5448900394,1.0629582230434136
Griewank,10,44,88,1,LCB-GPR,2,-42560.18256409441,701.0759932196478,1.0192309944588942,False,False,,0.0031622776601683794,,,
Griewank,10,44,89,2,Global-RBF,3,-0.9304813311243834,12.506144320649122,1.0192309944588942,False,False,206.76785162477069,0.0031622776601683794,-0.9304813265767962,12.903922393481764,19.739239845415796
Griewank,10,44,90,3,Local-RBF,1,-371543.5017149129,751.480300630371,1.0192309944588942,False,False,1409.763338466895,0.0031622776601683794,5.86353646605507,-371543.5017149128,1.0629582230434136
Griewank,10,44,91,1,LCB-GPR,2,-41151.021976724056,650.7965210485642,1.0192309944588942,False,False,,0.0031622776601683794,,,
Griewank,10,44,92,2,Global-RBF,3,0.6635543088626719,3.6384424718098165,1.0192309944588942,False,False,94.43399319539785,0.0031622776601683794,0.6635543038589731,3.9807685517395157,4.761859428440857
Griewank,10,44,92,3,Local-RBF,1,0.21299190345905994,,1.0192309944588942,False,True,0.0,0.0031622776601683794,1.0647678185571263,0.21299190345905938,1.0555321351487041
Griewank,10,44,93,1,LCB-GPR,2,-34929.11543173376,635.9245888537273,1.0192309944588942,False,False,,0.0031622776601683794,,,
Griewank,10,44,94,2,Global-RBF,3,0.9878293112012102,1.0438584468364034,1.0192309944588942,False,False,12.862785593041046,0.0031622776601683794,1.0446537423396762,1.0483189673335573,0.987829311506573
Griewank,10,44,95,3,Local-RBF,1,-147475.0387360423,788.3451555473409,1.0192309944588942,False,False,183.69898228819758,0.0031622776601683794,7.719000147978908,-147475.038736042,1.060836025687079
Griewank,10,44,96,1,LCB-GPR,2,-41154.84770942489,719.4969995257162,1.0192309944588942,False,False,,0.0031622776601683794,,,
Griewank,10,44,97,2,Global-RBF,3,1.0044692055918176,1.0318681618271306,1.0192309944588942,False,False,12.158283671646497,0.0031622776601683794,1.009967269015192,1.0377737146046684,1.0044692044928638
Griewank,10,44,97,3,Local-RBF,1,1.0192309912268804,,1.0192309944588942,False,True,0.0,0.0031622776601683794,1.0192309912268804,1.0192309943627242,1.019230995718578
Griewank,10,44,98,1,LCB-GPR,2,-39977.77450578708,685.0494914729389,1.0192309944588942,False,False,,0.0031622776601683794,,,
Griewank,10,44,99,2,Global-RBF,3,0.9592873212806694,1.12987283522519,1.0192309944588942,False,False,16.15952711092608,0.0031622776601683794,0.9592873190379123,1.1626235938586547,1.2350424850678792
Griewank,10,44,99,3,Local-RBF,1,1.0192309912268804,,1.0192309944588942,False,True,0.0,0.0031622776601683794,1.0192309912268804,1.0192309943627242,1.019230995718578
Griewank,10,44,100,1,LCB-GPR,2,-49788.08685710577,698.7988939873669,1.0192309944588942,False,False,,0.0031622776601683794,,,
Griewank,10,44,101,2,Global-RBF,3,1.0157350196374182,1.0350896014674078,1.0192309944588942,False,False,9.317208464770898,0.0031622776601683794,1.042519454846456,1.0472066813164815,1.0157350188001146
Griewank,10,44,102,3,Local-RBF,1,-4223.005170000091,788.671013395195,1.0192309944588942,False,False,1150.6834242293469,0.0031622776601683794,6.851562256368423,-4223.005170000057,1.0487038954662113
Griewank,10,44,103,1,LCB-GPR,2,-31996.98942537663,601.3701001158191,1.0192309944588942,False,False,,0.0031622776601683794,,,
Griewank,10,44,104,2,Global-RBF,3,0.9979709372809111,1.0208646171377742,1.0192309944588942,False,False,10.771483986423993,0.0031622776601683794,1.0109525384624476,1.0205230268161927,0.9979709366902512
Griewank,10,44,104,3,Local-RBF,1,1.0192309930320924,,1.0192309944588942,False,True,0.0,0.0031622776601683794,1.0192309930320924,1.0192309944508289,1.0192309950503966
Griewank,10,44,105,1,LCB-GPR,2,-32327.27727305965,650.3410728259294,1.0192309944588942,False,False,,0.0031622776601683794,,,
Griewank,10,44,106,2,Global-RBF,2,0.998166855811121,1.0176969501826956,1.0176969501826956,True,False,11.482491767338699,0.0031622776601683794,1.0060852237186282,1.0053649528530855,0.9981668572035005
Griewank,10,44,107,2,Global-RBF,3,0.9995045087229073,1.0195893282833228,1.0176969501826956,False,False,4.929924685055422,0.0031622776601683794,0.9995045098375499,1.01313639244853,1.0024673719350972
Griewank,10,44,107,3,Local-RBF,1,0.9469104131127366,,1.0176969501826956,False,True,0.0,0.0031622776601683794,1.010827891863575,0.9469104131127365,1.026498817305839
Griewank,10,44,108,1,LCB-GPR,2,-30004.93387828,604.7065346248135,1.0176969501826956,False,False,,0.0031622776601683794,,,
Griewank,10,44,109,2,Global-RBF,3,0.9943201870873395,1.0625498857058902,1.0176969501826956,False,False,9.946151982023274,0.0031622776601683794,1.0161413798614944,1.022866279086827,0.9943201872953864
Griewank,10,44,109,3,Local-RBF,1,0.9177131018956152,,1.0176969501826956,False,True,0.0,0.0031622776601683794,1.0174605881775762,0.9177131018956152,1.0264569979992157
Griewank,10,44,110,1,LCB-GPR,2,-39844.40327321805,655.0050773767341,1.0176969501826956,False,False,,0.0031622776601683794,,,
Rastrigin,10,42,21,1,LCB-GPR,2,-2503.0507421952616,314.71585412044084,149.95518242262725,False,False,,0.0031622776601683794,,,
Rastrigin,10,42,22,2,Global-RBF,3,-14449.23402259952,275.24652599375827,149.95518242262725,False,False,13.620271448720853,0.0031622776601683794,187.3135451567892,-14449.234022599523,182.95873867445573
Rastrigin,10,42,23,3,Local-RBF,1,62.006918388923594,275.89951951815067,149.95518242262725,False,False,12.806106224456093,0.0031622776601683794,148.3769888813958,62.006918388923594,151.5913160213973
Rastrigin,10,42,24,1,LCB-GPR,2,-7900.849141702965,300.77821437551177,149.95518242262725,False,False,,0.0031622776601683794,,,
Rastrigin,10,42,25,2,Global-RBF,3,-21.874878555282294,181.8341916610828,149.95518242262725,False,False,9.792873571968673,0.0031622776601683794,180.1057051664576,-21.874878555282265,218.58574664590253
Rastrigin,10,42,26,3,Local-RBF,1,60.132013764817586,263.18118677957864,149.95518242262725,False,False,1.2549794255651425,0.0031622776601683794,148.35857012984556,60.1320137648176,151.59131602989157
Rastrigin,10,42,27,1,LCB-GPR,2,-8739.06407499642,289.9235754651804,149.95518242262725,False,False,,0.0031622776601683794,,,
Rastrigin,10,42,28,2,Global-RBF,3,116.86987991975485,174.75163167307267,149.95518242262725,False,False,6.448335378844499,0.0031622776601683794,132.71848898034636,136.60776017897746,116.86987991975482
Rastrigin,10,42,29,3,Local-RBF,1,60.26634237793867,275.43979825933445,149.95518242262725,False,False,0.7031068798532187,0.0031622776601683794,148.34200014750132,60.266342377938656,151.59131602562334
Rastrigin,10,42,30,1,LCB-GPR,2,-9276.087393507649,319.1755783767554,149.95518242262725,False,False,,0.0031622776601683794,,,
Rastrigin,10,42,31,2,Global-RBF,2,122.46881979020002,112.7082703341864,112.7082703341864,True,False,6.162181029116065,0.0031622776601683794,130.51868063398516,122.46881979019979,149.63808599315226
Rastrigin,10,42,32,2,Global-RBF,3,83.86013357276809,195.96156347506474,112.7082703341864,False,False,5.567078643538493,0.0031622776601683794,128.1330529461785,151.5514315340111,83.86013357276809
Rastrigin,10,42,33,3,Local-RBF,1,-627.0821450110855,250.45549476533262,112.7082703341864,False,False,9.07745017991058,0.0031622776601683794,96.86671470744416,-627.0821450110855,138.63002540633434
Rastrigin,10,42,34,1,LCB-GPR,2,-11206.831142986117,294.51555086215694,112.7082703341864,False,False,,0.0031622776601683794,,,
Rastrigin,10,42,35,2,Global-RBF,3,100.39200057591259,171.42616790981856,112.7082703341864,False,False,3.449781966930098,0.0031622776601683794,116.02658280989209,119.57034317271462,100.39200057591263
Rastrigin,10,42,36,3,Local-RBF,1,-629.1807605941742,285.79931632874707,112.7082703341864,False,False,1.9052797445022522,0.0031622776601683794,95.52103466970648,-629.1807605941742,138.62984976314524
Rastrigin,10,42,37,1,LCB-GPR,2,-11742.935367141401,262.09437852007426,112.7082703341864,False,False,,0.0031622776601683794,,,
Rastrigin,10,42,38,2,Global-RBF,3,69.17712882252329,181.37426168739321,112.7082703341864,False,False,5.294893512422503,0.0031622776601683794,91.44071822617325,99.79147797492853,69.17712882252292
Rastrigin,10,42,39,3,Local-RBF,1,-629.1264292553649,263.2999872677975,112.7082703341864,False,False,1.1447426771800615,0.0031622776601683794,96.34757519520048,-629.1264292553649,138.62997246607185
Rastrigin,10,42,40,1,LCB-GPR,2,-11213.962660867146,306.85514167415477,112.7082703341864,False,False,,0.0031622776601683794,,,
Rastrigin,10,42,41,2,Global-RBF,3,76.7109496707157,115.22880069581464,112.7082703341864,False,False,5.4627021199172106,0.0031622776601683794,88.78482395753736,112.42789379419737,76.71094967071866
Rastrigin,10,42,42,3,Local-RBF,1,-316.8835548845065,279.53774151784177,112.7082703341864,False,False,5.742575588179251,0.0031622776601683794,88.54670281056022,-316.8835548845065,132.73070056334137
Rastrigin,10,42,43,1,LCB-GPR,2,-11495.09167446499,252.8684665122591,112.7082703341864,False,False,,0.0031622776601683794,,,
Rastrigin,10,42,44,2,Global-RBF,2,87.75107198178199,87.91741398604049,87.91741398604049,True,False,3.539990824963962,0.0031622776601683794,87.75107198178208,101.2748854639802,95.44334636783199
Rastrigin,10,42,45,2,Global-RBF,3,82.06871634207354,138.6985536226431,87.91741398604049,False,False,2.824663485095811,0.0031622776601683794,97.76915212017798,100.14828280577886,82.06871634207548
Rastrigin,10,42,46,3,Local-RBF,3,-10.140439211819839,83.01147828585512,83.01147828585512,True,False,4.252099338549142,0.0031622776601683794,62.81543203982773,-10.140439211819839,93.45355398674239
Rastrigin,10,42,47,3,Local-RBF,1,-268.6456763117465,261.11887134382584,83.01147828585512,False,False,10.804151921174688,0.0031622776601683794,60.653924836374614,-268.64567631174646,99.69767332499188
Rastrigin,10,42,48,1,LCB-GPR,2,-12533.023296501075,264.98999213494744,83.01147828585512,False,False,,0.0031622776601683794,,,
Rastrigin,10,42,49,2,Global-RBF,3,65.36113590646409,107.54661248482894,83.01147828585512,False,False,2.763095769436274,0.0031622776601683794,69.45220840056385,77.8968595096776,65.36113590646323
Rastrigin,10,42,50,3,Local-RBF,1,-2972.35866289502,278.1894051494356,83.01147828585512,False,False,12.326160827352389,0.0031622776601683794,76.90680183560036,-2972.358662895019,97.79594377272774
Rastrigin,10,42,51,1,LCB-GPR,2,-13846.355337501587,250.7253356834122,83.01147828585512,False,False,,0.0031622776601683794,,,
Rastrigin,10,42,52,2,Global-RBF,3,45.32048621094236,100.36578765881023,83.01147828585512,False,False,4.1789122312613785,0.0031622776601683794,55.67813484237675,85.29958377204,45.32048621094259
Rastrigin,10,42,53,3,Local-RBF,1,-1201.9574540131623,234.5137540079176,83.01147828585512,False,False,7.602646956023414,0.0031622776601683794,69.5459051392865,-1201.9574540131623,98.30990048995805
Rastrigin,10,42,54,1,LCB-GPR,2,-13672.064586516723,214.16861692928592,83.01147828585512,False,False,,0.0031622776601683794,,,
Rastrigin,10,42,55,2,Global-RBF,3,58.268510958258275,112.34977428872433,83.01147828585512,False,False,3.3947859278976797,0.0031622776601683794,64.80630098960393,90.97409605299876,58.2685109582535
Rastrigin,10,42,56,3,Local-RBF,1,-37148.49920367944,287.7947438201023,83.01147828585512,False,False,12.61632481519793,0.0031622776601683794,205.3211752724702,-37148.499203679436,98.23821334085254
Rastrigin,10,42,57,1,LCB-GPR,2,-11923.457753676057,262.4876506028066,83.01147828585512,False,False,,0.0031622776601683794,,,
Rastrigin,10,42,58,2,Global-RBF,3,41.12690896661968,198.68896990322799,83.01147828585512,False,False,6.85437300186156,0.0031622776601683794,94.5690015423922,143.912392088844,41.126908966618714
Rastrigin,10,42,59,3,Local-RBF,1,-37060.31235887169,232.8461937239795,83.01147828585512,False,False,10.063247365085735,0.0031622776601683794,204.5160963671742,-37060.3123588717,98.23821334085225
Rastrigin,10,42,60,1,LCB-GPR,2,-12646.792697457218,289.8075715052214,83.01147828585512,False,False,,0.0031622776601683794,,,
Rastrigin,10,42,61,2,Global-RBF,3,63.13923614556887,132.51442454976117,83.01147828585512,False,False,3.3776042277942437,0.0031622776601683794,69.2673101430544,87.11444736830654,63.1392361455691
Rastrigin,10,42,62,3,Local-RBF,1,-54336.76813718465,239.01913910097878,83.01147828585512,False,False,5.398659451792304,0.0031622776601683794,228.7134980761172,-54336.76813718463,100.64988950640772
Rastrigin,10,42,63,1,LCB-GPR,2,-10511.776891586294,235.76972101117866,83.01147828585512,False,False,,0.0031622776601683794,,,
Rastrigin,10,42,64,2,Global-RBF,3,37.95672038889791,134.19463523279404,83.01147828585512,False,False,5.4422041583887255,0.0031622776601683794,67.32024834486646,108.35822837776577,37.95672038889663
Rastrigin,10,42,65,3,Local-RBF,1,-52628.446399998174,224.70692654869453,83.01147828585512,False,False,3.8189978621032576,0.0031622776601683794,226.59122375061958,-52628.44639999815,100.64988950640779
Rastrigin,10,42,66,1,LCB-GPR,2,-10500.550863404927,250.0329385383601,83.01147828585512,False,False,,0.0031622776601683794,,,
Rastrigin,10,42,67,2,Global-RBF,3,36.3445342703167,164.30249814151762,83.01147828585512,False,False,7.417764974832441,0.0031622776601683794,89.99862209659852,164.79762115967182,36.3445342703167
Rastrigin,10,42,68,3,Local-RBF,1,-53349.362870328645,311.6136417178526,83.01147828585512,False,False,2.2381068014708374,0.0031622776601683794,227.1080331325016,-53349.36287032863,100.64988950640779
Rastrigin,10,42,69,1,LCB-GPR,2,-13044.011181723406,281.29092050815507,83.01147828585512,False,False,,0.0031622776601683794,,,
Rastrigin,10,42,70,2,Global-RBF,3,48.5279886901246,159.54449250201776,83.01147828585512,False,False,5.833864409796104,0.0031622776601683794,85.76717605337655,131.32625651249705,48.52798869011389
Rastrigin,10,42,71,3,Local-RBF,1,-412.527226774393,207.94466401184792,83.01147828585512,False,False,8.801404861477865,0.0031622776601683794,137.0420881580928,-412.52722677439334,102.69567846104869
Rastrigin,10,42,72,1,LCB-GPR,2,-12884.058067706359,255.01533535484702,83.01147828585512,False,False,,0.0031622776601683794,,,
Rastrigin,10,42,73,2,Global-RBF,3,52.815699679014074,157.36939085686672,83.01147828585512,False,False,6.086681819914374,0.0031622776601683794,89.01579798279742,128.93082646362035,52.81569967901979
Rastrigin,10,42,74,3,Local-RBF,1,-412.3689544818939,197.42526794372668,83.01147828585512,False,False,0.6644212937689484,0.0031622776601683794,137.1508926376079,-412.3689544818938,102.69776372754097
Rastrigin,10,42,75,1,LCB-GPR,2,-12939.858915274901,284.7579194016648,83.01147828585512,False,False,,0.0031622776601683794,,,
Rastrigin,10,42,76,2,Global-RBF,3,66.72585733345184,130.25407878913464,83.01147828585512,False,False,2.543019193269465,0.0031622776601683794,66.72585733348168,78.31355629801061,75.37867824775742
Rastrigin,10,42,77,3,Local-RBF,1,-412.34766696177434,176.26191075562335,83.01147828585512,False,False,0.5553094713219231,0.0031622776601683794,134.84498163111977,-412.3476669617742,102.68291604889059
Rastrigin,10,42,78,1,LCB-GPR,2,-8275.523455481229,259.6400764080203,83.01147828585512,False,False,,0.0031622776601683794,,,
Rastrigin,10,42,79,2,Global-RBF,3,-142.49366468139203,197.58900052751252,83.01147828585512,False,False,9.003073934376225,0.0031622776601683794,-28.963780524103726,107.01950192337604,-142.49366468137833
Rastrigin,10,42,80,3,Local-RBF,1,-412.93237651574174,196.97965788530365,83.01147828585512,False,False,0.320187991508133,0.0031622776601683794,135.08779642481534,-412.9323765157415,102.68393809727492
Rastrigin,10,42,81,1,LCB-GPR,2,-13001.598598610111,297.9041128192055,83.01147828585512,False,False,,0.0031622776601683794,,,
Rastrigin,10,42,82,2,Global-RBF,3,-77.42728984580313,225.7907392720532,83.01147828585512,False,False,7.808826017265301,0.0031622776601683794,20.881150324340837,179.78221376494986,-77.42728984583024
Rastrigin,10,42,83,3,Local-RBF,1,-3626.418146767472,222.0047738798781,83.01147828585512,False,False,9.348718773564174,0.0031622776601683794,62.98076537933049,-3626.4181467674703,106.06600387464707
Rastrigin,10,42,84,1,LCB-GPR,2,-8242.647258474648,283.67038584698656,83.01147828585512,False,False,,0.0031622776601683794,,,
Rastrigin,10,42,85,2,Global-RBF,3,-104.18647552916985,243.695627536582,83.01147828585512,False,False,10.649952080879984,0.0031622776601683794,-5.283645989225789,119.34357839272117,-104.18647552917963
Rastrigin,10,42,86,3,Local-RBF,1,-3632.0034443788463,252.99439722797803,83.01147828585512,False,False,0.5559788680745106,0.0031622776601683794,63.79657035545178,-3632.0034443788395,106.07869872850674
Rastrigin,10,42,87,1,LCB-GPR,2,-12617.635666724871,230.4859389928863,83.01147828585512,False,False,,0.0031622776601683794,,,
Rastrigin,10,42,88,2,Global-RBF,3,-102.38409688054682,235.60998455130482,83.01147828585512,False,False,8.987239575964638,0.0031622776601683794,18.50026180724052,198.47224191457116,-102.38409688054074
Rastrigin,10,42,89,3,Local-RBF,1,-3638.230772597937,213.95486432437747,83.01147828585512,False,False,0.48944792947853427,0.0031622776601683794,64.55712677305422,-3638.230772597937,106.08272578455428
Rastrigin,10,42,90,1,LCB-GPR,2,-12407.64652711158,261.4683637845269,83.01147828585512,False,False,,0.0031622776601683794,,,
Rastrigin,10,42,91,2,Global-RBF,3,-27.154206995549913,170.78729471898035,83.01147828585512,False,False,7.354340502407197,0.0031622776601683794,74.5305354333172,192.51673029478923,-27.15420699554724
Rastrigin,10,42,92,3,Local-RBF,1,-813.885924771798,219.62626266679064,83.01147828585512,False,False,7.623491995454639,0.0031622776601683794,178.39033428871272,-813.8859247717986,108.69950471769073
Rastrigin,10,42,93,1,LCB-GPR,2,-12179.986381255161,302.28915648067385,83.01147828585512,False,False,,0.0031622776601683794,,,
Rastrigin,10,42,94,2,Global-RBF,3,-90.62445162452963,230.92711148135615,83.01147828585512,False,False,7.042841123223659,0.0031622776601683794,-90.62445162442003,-44.29298229852577,-63.39571715215527
Rastrigin,10,42,95,3,Local-RBF,1,-808.549022509715,174.5401907006794,83.01147828585512,False,False,1.470470476207398,0.0031622776601683794,171.37927940183857,-808.549022509714,108.62025067998003
Rastrigin,10,42,96,1,LCB-GPR,2,-12350.64479751693,274.4609854766626,83.01147828585512,False,False,,0.0031622776601683794,,,
Rastrigin,10,42,97,2,Global-RBF,3,-20.64655992147732,231.91203790581335,83.01147828585512,False,False,7.7304891671682805,0.0031622776601683794,69.0672548791506,177.25359749893767,-20.64655992150324
Rastrigin,10,42,98,3,Local-RBF,1,-810.4916379636057,182.07658805612533,83.01147828585512,False,False,0.7191791525048654,0.0031622776601683794,176.53325964448294,-810.4916379636062,108.77516385718026
Rastrigin,10,42,99,1,LCB-GPR,2,-12187.77892563682,273.43016120551664,83.01147828585512,False,False,,0.0031622776601683794,,,
Rastrigin,10,42,100,2,Global-RBF,3,-23.998696202891836,230.49154197269547,83.01147828585512,False,False,6.902427144004848,0.0031622776601683794,77.84179611569002,174.55051857303556,-23.998696202900476
Rastrigin,10,42,101,3,Local-RBF,1,-3457.199578901284,253.6228391002407,83.01147828585512,False,False,8.013807652821859,0.0031622776601683794,176.09117126919216,-3457.1995789012835,111.60116716698143
Rastrigin,10,42,102,1,LCB-GPR,2,-11920.673193135932,278.58804001256703,83.01147828585512,False,False,,0.0031622776601683794,,,
Rastrigin,10,42,103,2,Global-RBF,3,16.313911517743236,116.88043421384819,83.01147828585512,False,False,6.111119057604091,0.0031622776601683794,41.36271055753983,119.1072803247765,16.31391151774241
Rastrigin,10,42,104,3,Local-RBF,1,-8297.861837606953,196.2310324426367,83.01147828585512,False,False,4.307378946608144,0.0031622776601683794,146.02518379192946,-8297.861837606955,108.45641264817971
Rastrigin,10,42,105,1,LCB-GPR,2,-12123.395494077124,259.9883711707645,83.01147828585512,False,False,,0.0031622776601683794,,,
Rastrigin,10,42,106,2,Global-RBF,3,-23.344749024923715,195.2238679959879,83.01147828585512,False,False,8.397995914511156,0.0031622776601683794,76.60695921738292,150.745763139965,-23.344749024989056
Rastrigin,10,42,107,3,Local-RBF,1,-8340.074036622169,158.31221147055342,83.01147828585512,False,False,1.15121070217499,0.0031622776601683794,143.2377388967288,-8340.07403662217,108.55773294950768
Rastrigin,10,42,108,1,LCB-GPR,2,-12154.780563760878,285.1088233715188,83.01147828585512,False,False,,0.0031622776601683794,,,
Rastrigin,10,42,109,2,Global-RBF,3,-86.02145906482079,204.14258756989616,83.01147828585512,False,False,6.363197637141311,0.0031622776601683794,-24.52783176042942,102.99816023393048,-86.02145906483068
Rastrigin,10,42,110,3,Local-RBF,1,-8339.046426791,221.9571139492212,83.01147828585512,False,False,1.020175187777744,0.0031622776601683794,142.5476384183273,-8339.046426791,107.98998052189087
Rastrigin,10,43,21,1,LCB-GPR,2,-3967.0963605164056,311.7247506719277,143.89402543852077,False,False,,0.0031622776601683794,,,
Rastrigin,10,43,22,2,Global-RBF,3,-22.260896697997396,176.7332158618506,143.89402543852077,False,False,9.967996443989874,0.0031622776601683794,181.87412441241264,-22.26089669799734,197.46799013511986
Rastrigin,10,43,23,3,Local-RBF,1,99.83281976192913,272.96401048910536,143.89402543852077,False,False,7.765253346661619,0.0031622776601683794,143.4189109520412,99.83281976192913,144.70844688760138
Rastrigin,10,43,24,1,LCB-GPR,2,-10013.209302899664,268.2145344016301,143.89402543852077,False,False,,0.0031622776601683794,,,
Rastrigin,10,43,25,2,Global-RBF,2,98.11469953642892,121.04968407235668,121.04968407235668,True,False,7.162570913477286,0.0031622776601683794,120.18114514980851,98.1146995364289,141.34123349646333
Rastrigin,10,43,26,2,Global-RBF,3,105.71504341291958,128.33202040155746,121.04968407235668,False,False,5.991488768002399,0.0031622776601683794,125.50016627491554,140.37005024811663,105.71504341291956
Rastrigin,10,43,27,3,Local-RBF,1,-616.0059103372014,244.50287703545115,121.04968407235668,False,False,12.252377758228837,0.0031622776601683794,118.21147235702476,-616.0059103372015,124.69085223695707
Rastrigin,10,43,28,1,LCB-GPR,2,-10967.740898659466,269.43710152931277,121.04968407235668,False,False,,0.0031622776601683794,,,
Rastrigin,10,43,29,2,Global-RBF,3,115.12067084051846,127.53056598192492,121.04968407235668,False,False,3.3784820858198437,0.0031622776601683794,115.12067084051853,118.88788781013685,121.76991263817823
Rastrigin,10,43,30,3,Local-RBF,1,-2214.892289509769,291.6531376124549,121.04968407235668,False,False,10.26908161181398,0.0031622776601683794,119.60149697830555,-2214.892289509769,124.2901250271408
Rastrigin,10,43,31,1,LCB-GPR,2,-12004.081709680331,271.3612149650438,121.04968407235668,False,False,,0.0031622776601683794,,,
Rastrigin,10,43,32,2,Global-RBF,3,99.42108789542843,227.76296657239956,121.04968407235668,False,False,6.641426022678244,0.0031622776601683794,127.03754159139996,160.83318367800507,99.42108789542843
Rastrigin,10,43,33,3,Local-RBF,1,-360.53633101565316,296.5912208388893,121.04968407235668,False,False,2.163189431554543,0.0031622776601683794,116.44445366170164,-360.53633101565316,125.63742348495002
Rastrigin,10,43,34,1,LCB-GPR,2,-12113.202021823932,258.9417668722371,121.04968407235668,False,False,,0.0031622776601683794,,,
Rastrigin,10,43,35,2,Global-RBF,3,94.17447114871686,205.99793630608454,121.04968407235668,False,False,6.24792659697661,0.0031622776601683794,126.56026423209859,146.73257163893896,94.17447114871696
Rastrigin,10,43,36,3,Local-RBF,1,-389.07968568803335,290.23604622906964,121.04968407235668,False,False,1.574113513051744,0.0031622776601683794,116.32653291227689,-389.07968568803335,125.63742348516206
Rastrigin,10,43,37,1,LCB-GPR,2,-11223.490500711885,289.3043316911516,121.04968407235668,False,False,,0.0031622776601683794,,,
Rastrigin,10,43,38,2,Global-RBF,3,109.85539843938605,123.47229843752037,121.04968407235668,False,False,4.5448945746297085,0.0031622776601683794,124.74002748925578,125.93036712961116,109.85539843938648
Rastrigin,10,43,39,3,Local-RBF,1,-20.117497539154968,240.68368597789495,121.04968407235668,False,False,6.534566783825289,0.0031622776601683794,118.52299394628429,-20.117497539154968,124.01751616393366
Rastrigin,10,43,40,1,LCB-GPR,2,-12129.755803917122,331.0039511174738,121.04968407235668,False,False,,0.0031622776601683794,,,
Rastrigin,10,43,41,2,Global-RBF,3,111.43809664469603,165.86033858223166,121.04968407235668,False,False,4.092697065748124,0.0031622776601683794,126.6051547658043,111.43809664469644,134.30502632418495
Rastrigin,10,43,42,3,Local-RBF,1,-195.64532684284555,278.6799872697,121.04968407235668,False,False,8.280274545496466,0.0031622776601683794,117.11193106129123,-195.64532684284555,125.09610352193131
Rastrigin,10,43,43,1,LCB-GPR,2,-13221.629619164069,278.3622653029208,121.04968407235668,False,False,,0.0031622776601683794,,,
Rastrigin,10,43,44,2,Global-RBF,3,107.03099285687618,135.54500929984462,121.04968407235668,False,False,4.556401517628288,0.0031622776601683794,111.2888558664624,107.03099285687632,116.91647513031681
Rastrigin,10,43,45,3,Local-RBF,1,-209.5223576364938,263.48246884215024,121.04968407235668,False,False,1.1685813109991314,0.0031622776601683794,116.53619843541321,-209.5223576364938,125.0961289528641
Rastrigin,10,43,46,1,LCB-GPR,2,-13535.14686079385,270.3124852366128,121.04968407235668,False,False,,0.0031622776601683794,,,
Rastrigin,10,43,47,2,Global-RBF,3,95.74849277446457,168.60472027848664,121.04968407235668,False,False,7.971062407257057,0.0031622776601683794,120.08200800464441,133.889241417763,95.74849277446482
Rastrigin,10,43,48,3,Local-RBF,1,-213.88585538911875,289.68397685412845,121.04968407235668,False,False,0.6793242847887568,0.0031622776601683794,117.05540394542211,-213.88585538911875,125.09611970062497
Rastrigin,10,43,49,1,LCB-GPR,2,-13696.73456492478,306.16208104063844,121.04968407235668,False,False,,0.0031622776601683794,,,
Rastrigin,10,43,50,2,Global-RBF,3,105.32256818060237,139.52690212110744,121.04968407235668,False,False,5.086955454875712,0.0031622776601683794,105.32256818060573,118.26532935212343,114.20483800773118
Rastrigin,10,43,51,3,Local-RBF,1,-31.321937795453863,268.87537047561545,121.04968407235668,False,False,9.771219378369922,0.0031622776601683794,112.74022914381642,-31.321937795453948,127.17808695767216
Rastrigin,10,43,52,1,LCB-GPR,2,-14420.547429974287,269.01451677907335,121.04968407235668,False,False,,0.0031622776601683794,,,
Rastrigin,10,43,53,2,Global-RBF,3,95.68782847633294,220.71273938787172,121.04968407235668,False,False,7.54582666864362,0.0031622776601683794,137.52598303676353,184.29498243077362,95.68782847633386
Rastrigin,10,43,54,3,Local-RBF,1,-32.338381884524864,265.5912759989874,121.04968407235668,False,False,0.5120232720815653,0.0031622776601683794,112.74632368514227,-32.33838188452492,127.17827653038172
Rastrigin,10,43,55,1,LCB-GPR,2,-14523.320078441015,269.56009092902264,121.04968407235668,False,False,,0.0031622776601683794,,,
Rastrigin,10,43,56,2,Global-RBF,3,98.31861149645563,219.95625789764804,121.04968407235668,False,False,7.020564460646854,0.0031622776601683794,135.83884479098975,178.77002518402492,98.3186114964548
Rastrigin,10,43,57,3,Local-RBF,1,-32.063999890491885,260.5131851537925,121.04968407235668,False,False,0.7248252664236019,0.0031622776601683794,113.08257204635248,-32.06399989049177,127.18105937279894
Rastrigin,10,43,58,1,LCB-GPR,2,-14285.361647691198,298.23538362454883,121.04968407235668,False,False,,0.0031622776601683794,,,
Rastrigin,10,43,59,2,Global-RBF,3,80.2379624911496,197.59169464383857,121.04968407235668,False,False,8.72741324171122,0.0031622776601683794,116.96366870724951,203.68567183651803,80.23796249115051
Rastrigin,10,43,60,3,Local-RBF,1,-33.57074787304265,254.30550156628578,121.04968407235668,False,False,0.44263271397876547,0.0031622776601683794,112.99316907090143,-33.57074787304268,127.18045843276438
Rastrigin,10,43,61,1,LCB-GPR,2,-11941.240070622574,268.93246013603,121.04968407235668,False,False,,0.0031622776601683794,,,
Rastrigin,10,43,62,2,Global-RBF,3,91.13197525526544,183.50224073549867,121.04968407235668,False,False,8.457991110832433,0.0031622776601683794,121.56363116300784,155.36423271307152,91.13197525526544
Rastrigin,10,43,63,3,Local-RBF,1,-779.2144806861761,177.79566929372774,121.04968407235668,False,False,8.115585506000306,0.0031622776601683794,124.98899689458429,-779.2144806861761,128.6607727155758
Rastrigin,10,43,64,1,LCB-GPR,2,-11854.957302393008,290.6052536190314,121.04968407235668,False,False,,0.0031622776601683794,,,
Rastrigin,10,43,65,2,Global-RBF,3,103.79513388109277,135.04279900958593,121.04968407235668,False,False,5.828379419670039,0.0031622776601683794,110.2685130240488,121.62112944321188,103.79513388109439
Rastrigin,10,43,66,3,Local-RBF,1,58.93235602600606,247.80414884536077,121.04968407235668,False,False,7.664700075212766,0.0031622776601683794,113.90729184094947,58.93235602600606,128.15269265411436
Rastrigin,10,43,67,1,LCB-GPR,2,-10420.073752218219,274.0508459766201,121.04968407235668,False,False,,0.0031622776601683794,,,
Rastrigin,10,43,68,2,Global-RBF,3,111.38639461222347,130.69693673671821,121.04968407235668,False,False,3.26102500765285,0.0031622776601683794,115.6426519614601,128.61021971327,111.38639461221699
Rastrigin,10,43,69,3,Local-RBF,1,83.08212873286625,220.96114972783118,121.04968407235668,False,False,4.4459625649538745,0.0031622776601683794,119.45518406094085,83.08212873286625,125.26383796566331
Rastrigin,10,43,70,1,LCB-GPR,2,-9961.361266472248,269.4170933923076,121.04968407235668,False,False,,0.0031622776601683794,,,
Rastrigin,10,43,71,2,Global-RBF,3,96.80657773058464,181.12538512074502,121.04968407235668,False,False,5.973942528878564,0.0031622776601683794,131.79753208185215,170.49971714629726,96.80657773058833
Rastrigin,10,43,72,3,Local-RBF,1,91.06447921440537,202.20872874622137,121.04968407235668,False,False,2.0364676633758574,0.0031622776601683794,117.99801314754342,91.06447921440537,125.86160634720206
Rastrigin,10,43,73,1,LCB-GPR,2,-9949.933910591913,287.24233517954366,121.04968407235668,False,False,,0.0031622776601683794,,,
Rastrigin,10,43,74,2,Global-RBF,3,108.8311028127325,122.8533003320403,121.04968407235668,False,False,3.8419325375887965,0.0031622776601683794,108.8311028127526,112.60835632270404,114.73408913979344
Rastrigin,10,43,75,3,Local-RBF,1,68.48340435943004,167.68337679296192,121.04968407235668,False,False,4.0932072868077665,0.0031622776601683794,126.9464188711675,68.48340435943004,125.1151538487474
Rastrigin,10,43,76,1,LCB-GPR,2,-8820.427539842467,323.98358465743115,121.04968407235668,False,False,,0.0031622776601683794,,,
Rastrigin,10,43,77,2,Global-RBF,3,99.86855270013508,174.39434026443945,121.04968407235668,False,False,5.298608788583463,0.0031622776601683794,116.65928563008514,143.65270347066988,99.86855270013898
Rastrigin,10,43,78,3,Local-RBF,1,68.69109229933291,180.17261285720747,121.04968407235668,False,False,0.65059299326354,0.0031622776601683794,126.6500167634667,68.69109229933292,125.03372435738913
Rastrigin,10,43,79,1,LCB-GPR,2,-8261.712387223388,251.63098311130886,121.04968407235668,False,False,,0.0031622776601683794,,,
Rastrigin,10,43,80,2,Global-RBF,3,90.3714548494892,164.64107633419508,121.04968407235668,False,False,7.149509006245356,0.0031622776601683794,141.21043671300112,181.3826480494541,90.37145484949156
Rastrigin,10,43,81,3,Local-RBF,1,65.26851166082024,148.27838747626768,121.04968407235668,False,False,4.734025465970785,0.0031622776601683794,125.32318847303732,65.26851166082027,125.71880702908926
Rastrigin,10,43,82,1,LCB-GPR,2,-8075.110978918197,225.30720671326523,121.04968407235668,False,False,,0.0031622776601683794,,,
Rastrigin,10,43,83,2,Global-RBF,3,100.1408444445161,148.4015242735924,121.04968407235668,False,False,5.034746385297735,0.0031622776601683794,100.1408444445421,115.20899188079045,106.88635060923087
Rastrigin,10,43,84,3,Local-RBF,1,65.2835455966057,152.56710941808666,121.04968407235668,False,False,0.34707362498103883,0.0031622776601683794,125.02013380505767,65.28354559660568,125.5014669122222
Rastrigin,10,43,85,1,LCB-GPR,2,-7933.685337524102,275.41400580169943,121.04968407235668,False,False,,0.0031622776601683794,,,
Rastrigin,10,43,86,2,Global-RBF,3,65.53777858649445,261.1312109654605,121.04968407235668,False,False,7.705355383770714,0.0031622776601683794,69.38122549844223,128.73044138269722,65.53777858650017
Rastrigin,10,43,87,3,Local-RBF,3,65.4901510699786,115.35058632464411,115.35058632464411,True,False,0.7002101445676341,0.0031622776601683794,123.87210156500977,65.4901510699786,124.94143516852645
Rastrigin,10,43,88,3,Local-RBF,1,101.41738436577316,134.95629544782932,115.35058632464411,False,False,5.5741958367587765,0.0031622776601683794,122.90449916304631,101.41738436577316,122.21823099438328
Rastrigin,10,43,89,1,LCB-GPR,2,-13719.501264411,267.2525123124684,115.35058632464411,False,False,,0.0031622776601683794,,,
Rastrigin,10,43,90,2,Global-RBF,3,-264.7312755883575,224.2970765064719,115.35058632464411,False,False,8.45231672704114,0.0031622776601683794,-99.93701942713062,147.61765838797174,-264.7312755883662
Rastrigin,10,43,91,3,Local-RBF,1,92.6641106221208,201.72429138670122,115.35058632464411,False,False,3.7072363476115333,0.0031622776601683794,119.13984038834744,92.6641106221208,119.34380987708809
Rastrigin,10,43,92,1,LCB-GPR,2,-7256.851168393919,254.9814149601569,115.35058632464411,False,False,,0.0031622776601683794,,,
Rastrigin,10,43,93,2,Global-RBF,3,-160.24049151392728,239.7262612668191,115.35058632464411,False,False,8.411333944239521,0.0031622776601683794,-17.688517474152434,146.87626993103262,-160.24049151394814
Rastrigin,10,43,94,3,Local-RBF,1,92.65748851339153,202.30820463026924,115.35058632464411,False,False,0.05756620778038447,0.0031622776601683794,119.21835887889306,92.65748851339153,119.41712634578926
Rastrigin,10,43,95,1,LCB-GPR,2,-12959.313509471896,284.8477038402766,115.35058632464411,False,False,,0.0031622776601683794,,,
Rastrigin,10,43,96,2,Global-RBF,3,-174.36618386662542,262.86957671981344,115.35058632464411,False,False,8.198237429908138,0.0031622776601683794,-49.88275648451355,217.62677702855478,-174.36618386674598
Rastrigin,10,43,97,3,Local-RBF,1,92.68568319122046,206.93704672153564,115.35058632464411,False,False,0.4799250157377779,0.0031622776601683794,119.01604781288268,92.68568319122045,119.50029192307309
Rastrigin,10,43,98,1,LCB-GPR,2,-12884.245477900682,283.70717576658944,115.35058632464411,False,False,,0.0031622776601683794,,,
Rastrigin,10,43,99,2,Global-RBF,3,-118.42879182396644,122.67362975406633,115.35058632464411,False,False,7.310609556426483,0.0031622776601683794,-34.95188028884567,116.66601011248927,-118.42879182396877
Rastrigin,10,43,100,3,Local-RBF,1,-3111.034314086925,301.54616456678286,115.35058632464411,False,False,11.94576202042558,0.0031622776601683794,146.5439514492795,-3111.0343140869254,125.20867534879027
Rastrigin,10,43,101,1,LCB-GPR,2,-13368.08143210585,295.2846589248105,115.35058632464411,False,False,,0.0031622776601683794,,,
Rastrigin,10,43,102,2,Global-RBF,3,-100.68904522481142,189.7837465817937,115.35058632464411,False,False,7.61885670061094,0.0031622776601683794,43.30636709671009,208.3032376428931,-100.68904522465618
Rastrigin,10,43,103,3,Local-RBF,1,-2359.1988931602964,276.13887814815547,115.35058632464411,False,False,10.208032276755862,0.0031622776601683794,179.39609405706278,-2359.1988931602978,126.22273985317166
Rastrigin,10,43,104,1,LCB-GPR,2,-13231.736937642063,270.4597730429489,115.35058632464411,False,False,,0.0031622776601683794,,,
Rastrigin,10,43,105,2,Global-RBF,3,-49.07017700198094,215.52977834540502,115.35058632464411,False,False,5.266547571302625,0.0031622776601683794,82.90054128844278,200.7604183843624,-49.07017700226618
Rastrigin,10,43,106,3,Local-RBF,1,-2564.2845081721903,266.8776135319275,115.35058632464411,False,False,3.3051512919698953,0.0031622776601683794,180.84904390090566,-2564.2845081721907,126.21743513523656
Rastrigin,10,43,107,1,LCB-GPR,2,-12880.367084974372,221.96697679857115,115.35058632464411,False,False,,0.0031622776601683794,,,
Rastrigin,10,43,108,2,Global-RBF,3,-47.526885088250594,234.2516275610144,115.35058632464411,False,False,10.038064479631169,0.0031622776601683794,88.99999936546675,211.58804961339135,-47.52688508821774
Rastrigin,10,43,109,3,Local-RBF,1,-2527.2634932276274,278.9027990330346,115.35058632464411,False,False,2.445996964214774,0.0031622776601683794,180.47434173046094,-2527.2634932276287,126.21760088620051
Rastrigin,10,43,110,1,LCB-GPR,2,-12451.200851353144,269.65084684251826,115.35058632464411,False,False,,0.0031622776601683794,,,
Rastrigin,10,44,21,1,LCB-GPR,2,-3645.454631650486,206.21042149498982,117.32878438689588,False,False,,0.0031622776601683794,,,
Rastrigin,10,44,22,2,Global-RBF,3,-437.0258659508788,297.95228350562013,117.32878438689588,False,False,10.21733402842821,0.0031622776601683794,184.58555940437213,-437.0258659508788,116.53134163895959
Rastrigin,10,44,23,3,Local-RBF,1,-1312.11896654757,227.0676782353278,117.32878438689588,False,False,8.760205197358278,0.0031622776601683794,103.7121365925436,-1312.11896654757,138.4812362868868
Rastrigin,10,44,24,1,LCB-GPR,2,-6001.627581781333,167.96335714021728,117.32878438689588,False,False,,0.0031622776601683794,,,
Rastrigin,10,44,25,2,Global-RBF,3,26.665732408297174,125.2513138302678,117.32878438689588,False,False,8.427594815123827,0.0031622776601683794,121.73118608301081,26.665732408297146,166.5221571707325
Rastrigin,10,44,26,3,Local-RBF,1,-11.483699463461889,283.45646151243375,117.32878438689588,False,False,9.067899924641214,0.0031622776601683794,115.53074948169804,-11.483699463461889,121.29004794319786
Rastrigin,10,44,27,1,LCB-GPR,2,-7777.360374913988,269.6694313752697,117.32878438689588,False,False,,0.0031622776601683794,,,
Rastrigin,10,44,28,2,Global-RBF,3,77.33968269934608,128.38384191301725,117.32878438689588,False,False,4.845936946038727,0.0031622776601683794,113.75821363549257,120.43028042950588,77.33968269934616
Rastrigin,10,44,29,3,Local-RBF,1,-11.190459571173633,290.74842418926573,117.32878438689588,False,False,1.5267037581534377,0.0031622776601683794,115.54858089772685,-11.190459571173633,121.29004796991863
Rastrigin,10,44,30,1,LCB-GPR,2,-8516.989493512478,247.77693451182935,117.32878438689588,False,False,,0.0031622776601683794,,,
Rastrigin,10,44,31,2,Global-RBF,2,98.51581530699585,93.80745197589195,93.80745197589195,True,False,4.153416629810202,0.0031622776601683794,98.51581530699556,110.17012920236924,107.709657521373
Rastrigin,10,44,32,2,Global-RBF,3,91.40674143295058,132.45006924408437,93.80745197589195,False,False,1.7928397516543553,0.0031622776601683794,96.27922476460807,91.40674143295055,100.09327564199778
Rastrigin,10,44,33,3,Local-RBF,1,73.84041560422762,152.3004280600373,93.80745197589195,False,False,3.9380398835518156,0.0031622776601683794,86.72077884129573,73.84041560422762,97.52228858955414
Rastrigin,10,44,34,1,LCB-GPR,2,-9317.102395156615,295.7494086540513,93.80745197589195,False,False,,0.0031622776601683794,,,
Rastrigin,10,44,35,2,Global-RBF,3,15.1254879777197,197.24298459090528,93.80745197589195,False,False,6.5362419507163105,0.0031622776601683794,45.528417889704315,80.02027796028814,15.1254879777197
Rastrigin,10,44,36,3,Local-RBF,1,73.77744274480158,143.61814865908877,93.80745197589195,False,False,0.3119976560459811,0.0031622776601683794,86.83407369994296,73.77744274480158,97.51034121203519
Rastrigin,10,44,37,1,LCB-GPR,2,-10213.878487355085,261.8707393148535,93.80745197589195,False,False,,0.0031622776601683794,,,
Rastrigin,10,44,38,2,Global-RBF,3,-4.697020092710375,213.72840369818292,93.80745197589195,False,False,7.96097587846011,0.0031622776601683794,33.23711092358133,100.12767286269238,-4.697020092707476
Rastrigin,10,44,39,3,Local-RBF,1,73.76887105899408,141.86671929728345,93.80745197589195,False,False,0.10557137797050532,0.0031622776601683794,86.84152382931464,73.76887105899408,97.21728506758826
Rastrigin,10,44,40,1,LCB-GPR,2,-10796.392626076104,213.31939934834367,93.80745197589195,False,False,,0.0031622776601683794,,,
Rastrigin,10,44,41,2,Global-RBF,3,-60.96786935686936,194.0252783405425,93.80745197589195,False,False,6.859956623496521,0.0031622776601683794,-20.877044036112096,48.97138107304181,-60.9678693568772
Rastrigin,10,44,42,3,Local-RBF,1,46.76482768543781,135.32639751995913,93.80745197589195,False,False,3.106320444217649,0.0031622776601683794,96.96694180855383,46.764827685437794,104.0838371997395
Rastrigin,10,44,43,1,LCB-GPR,2,-10907.582448197043,244.7343828495913,93.80745197589195,False,False,,0.0031622776601683794,,,
Rastrigin,10,44,44,2,Global-RBF,3,-53.768954394834566,210.81669791627488,93.80745197589195,False,False,8.940551076390978,0.0031622776601683794,3.3136715457375203,115.12103956043003,-53.76895439484318
Rastrigin,10,44,45,3,Local-RBF,1,46.67312114572471,127.46182433208071,93.80745197589195,False,False,0.3696003664522551,0.0031622776601683794,97.13560373898889,46.67312114572472,104.30810453954534
Rastrigin,10,44,46,1,LCB-GPR,2,-10370.44953654195,284.1482278041376,93.80745197589195,False,False,,0.0031622776601683794,,,
Rastrigin,10,44,47,2,Global-RBF,3,-18.12519750793726,169.64602533702376,93.80745197589195,False,False,7.51600522899399,0.0031622776601683794,35.85427742553546,111.73592477511332,-18.125197507966362
Rastrigin,10,44,48,3,Local-RBF,1,75.13760046244303,118.03223219970084,93.80745197589195,False,False,2.679386845875922,0.0031622776601683794,90.96419317097133,75.13760046244303,91.35619118379957
Rastrigin,10,44,49,1,LCB-GPR,2,-11033.7800797151,235.61477935289324,93.80745197589195,False,False,,0.0031622776601683794,,,
Rastrigin,10,44,50,2,Global-RBF,3,-11.787067249729546,199.70081373797288,93.80745197589195,False,False,8.163200538819586,0.0031622776601683794,69.25662455541644,144.33009895935092,-11.787067249764362
Rastrigin,10,44,51,3,Local-RBF,1,52.64207952635405,178.72110444321294,93.80745197589195,False,False,3.2716256790663003,0.0031622776601683794,145.0769842344291,52.64207952635405,110.56909058790261
Rastrigin,10,44,52,1,LCB-GPR,2,-10370.582081340068,267.8675638243749,93.80745197589195,False,False,,0.0031622776601683794,,,
Rastrigin,10,44,53,2,Global-RBF,3,-1.8121235781120504,146.8650702699277,93.80745197589195,False,False,5.183779518321257,0.0031622776601683794,-1.8121235782728604,55.83049194745976,10.275350802828598
Rastrigin,10,44,54,3,Local-RBF,1,53.667208298960105,192.85737315496647,93.80745197589195,False,False,1.2559367927199727,0.0031622776601683794,138.8556266053331,53.667208298960105,108.5621815859845
Rastrigin,10,44,55,1,LCB-GPR,2,-9389.068431035788,249.2032134149436,93.80745197589195,False,False,,0.0031622776601683794,,,
Rastrigin,10,44,56,2,Global-RBF,3,-83.48898929464494,187.46075610715732,93.80745197589195,False,False,8.622918815471259,0.0031622776601683794,3.158004010414942,150.56444875916418,-83.48898929471787
Rastrigin,10,44,57,3,Local-RBF,1,52.75703282622002,156.26067829440754,93.80745197589195,False,False,0.6531447047339503,0.0031622776601683794,145.09244667259853,52.75703282622002,110.73088951428076
Rastrigin,10,44,58,1,LCB-GPR,2,-8228.415136532669,239.6374437280928,93.80745197589195,False,False,,0.0031622776601683794,,,
Rastrigin,10,44,59,2,Global-RBF,3,-317.8767908658009,236.08556060718513,93.80745197589195,False,False,9.632234128650497,0.0031622776601683794,-221.32340647709844,78.0617719339702,-317.87679086579317
Rastrigin,10,44,59,3,Local-RBF,1,52.64207952635405,,93.80745197589195,False,True,0.0,0.0031622776601683794,145.0769842344291,52.64207952635405,110.56909058790261
Rastrigin,10,44,60,1,LCB-GPR,2,-8801.254813396139,333.4388284830523,93.80745197589195,False,False,,0.0031622776601683794,,,
Rastrigin,10,44,61,2,Global-RBF,3,-209.33091683333475,195.98640686198712,93.80745197589195,False,False,8.991105857438578,0.0031622776601683794,-128.53101238880765,98.0850397703392,-209.33091683338574
Rastrigin,10,44,62,3,Local-RBF,1,-59748.858832843514,283.7877679921215,93.80745197589195,False,False,10.700423344984651,0.0031622776601683794,289.3395312747009,-59748.85883284352,118.37764276032811
Rastrigin,10,44,63,1,LCB-GPR,2,-8453.138157885876,295.81212020732096,93.80745197589195,False,False,,0.0031622776601683794,,,
Rastrigin,10,44,64,2,Global-RBF,3,-114.23670927629104,224.55065135206246,93.80745197589195,False,False,9.348117025120253,0.0031622776601683794,-12.435726366467037,158.68253660592154,-114.23670927629757
Rastrigin,10,44,65,3,Local-RBF,1,-62123.37451520704,291.42915399011844,93.80745197589195,False,False,6.983609068177372,0.0031622776601683794,291.05029197015443,-62123.37451520704,118.3776153853659
Rastrigin,10,44,66,1,LCB-GPR,2,-7701.725521320976,262.77177282097614,93.80745197589195,False,False,,0.0031622776601683794,,,
Rastrigin,10,44,67,2,Global-RBF,3,-206.71192574839264,222.16461218643292,93.80745197589195,False,False,7.116995963717634,0.0031622776601683794,-101.51973807890826,111.20461266104836,-206.71192574829504
Rastrigin,10,44,68,3,Local-RBF,1,-65946.58483844038,314.6585113744177,93.80745197589195,False,False,9.849898314952762,0.0031622776601683794,297.1102361869304,-65946.5848384404,118.3776381390237
Rastrigin,10,44,69,1,LCB-GPR,2,-6783.624763826357,253.98601313868056,93.80745197589195,False,False,,0.0031622776601683794,,,
Rastrigin,10,44,70,2,Global-RBF,3,-79.86801902759012,189.8811495696339,93.80745197589195,False,False,6.300762523441691,0.0031622776601683794,-48.94046037614552,94.27062421944683,-79.8680190277274
Rastrigin,10,44,71,3,Local-RBF,1,-231.20424060893595,155.089761558207,93.80745197589195,False,False,4.3547166008336395,0.0031622776601683794,98.3436461807481,-231.20424060893612,104.85244096483932
Rastrigin,10,44,72,1,LCB-GPR,2,-7886.848632552649,292.5768150788866,93.80745197589195,False,False,,0.0031622776601683794,,,
Rastrigin,10,44,73,2,Global-RBF,3,-179.45656834350012,191.75906930393975,93.80745197589195,False,False,8.795391587787945,0.0031622776601683794,-16.461725649111287,125.34404804136985,-179.45656834325587
Rastrigin,10,44,74,3,Local-RBF,1,-231.35019957030806,127.22975252312852,93.80745197589195,False,False,0.4154797414255042,0.0031622776601683794,98.64934268373725,-231.35019957030806,105.06538590749233
Rastrigin,10,44,75,1,LCB-GPR,2,-7287.558979071261,265.74109721244076,93.80745197589195,False,False,,0.0031622776601683794,,,
Rastrigin,10,44,76,2,Global-RBF,3,-283.60451682949076,218.45812520017077,93.80745197589195,False,False,8.58094982847115,0.0031622776601683794,-173.66522530268836,66.40711003654536,-283.60451682936355
Rastrigin,10,44,77,3,Local-RBF,1,-29671.2134850279,324.8207679718589,93.80745197589195,False,False,2.3854469444299466,0.0031622776601683794,306.1699508963124,-29671.2134850279,119.66179448774277
Rastrigin,10,44,78,1,LCB-GPR,2,-8158.854062854001,263.0745523947637,93.80745197589195,False,False,,0.0031622776601683794,,,
Rastrigin,10,44,79,2,Global-RBF,3,-206.19518131784253,209.65029965503444,93.80745197589195,False,False,8.167528440616799,0.0031622776601683794,-35.98966647129163,175.13136156014792,-206.19518131791017
Rastrigin,10,44,80,3,Local-RBF,1,-31862.28116256795,307.3344177401185,93.80745197589195,False,False,2.6643384267280505,0.0031622776601683794,301.24654677641337,-31862.281162567953,119.64531260041258
Rastrigin,10,44,81,1,LCB-GPR,2,-7678.387176211677,243.56151096777307,93.80745197589195,False,False,,0.0031622776601683794,,,
Rastrigin,10,44,82,2,Global-RBF,3,-200.3373869339816,204.01375310127622,93.80745197589195,False,False,10.037623660235722,0.0031622776601683794,-98.56581622846167,150.10109495509823,-200.3373869341847
Rastrigin,10,44,83,3,Local-RBF,1,-151684.5962472996,263.94339337902613,93.80745197589195,False,False,5.056375623394904,0.0031622776601683794,379.95274269372885,-151684.5962472997,121.25076958957149
Rastrigin,10,44,84,1,LCB-GPR,2,-6652.098205952394,281.23115949473595,93.80745197589195,False,False,,0.0031622776601683794,,,
Rastrigin,10,44,85,2,Global-RBF,3,-254.51947289800685,229.77421121376204,93.80745197589195,False,False,10.520934177144145,0.0031622776601683794,-37.21575526748089,211.1642245661561,-254.51947289799787
Rastrigin,10,44,86,3,Local-RBF,1,-145555.20956400098,262.0763629753913,93.80745197589195,False,False,8.52416230465094,0.0031622776601683794,390.8839283589706,-145555.20956400095,121.25412255176302
Rastrigin,10,44,87,1,LCB-GPR,2,-6480.23981623052,245.16876127612198,93.80745197589195,False,False,,0.0031622776601683794,,,
Rastrigin,10,44,88,2,Global-RBF,3,-127.15258136202539,211.46846424356733,93.80745197589195,False,False,9.492355047827003,0.0031622776601683794,-18.92904047492297,155.5064135688308,-127.15258136165573
Rastrigin,10,44,89,3,Local-RBF,1,-154531.5116800378,274.6286008054156,93.80745197589195,False,False,2.0290381199975593,0.0031622776601683794,383.0954272337049,-154531.5116800378,121.25072841562897
Rastrigin,10,44,90,1,LCB-GPR,2,-6609.0535397040185,293.91220951805917,93.80745197589195,False,False,,0.0031622776601683794,,,
Rastrigin,10,44,91,2,Global-RBF,3,-177.02925091392154,202.078012235155,93.80745197589195,False,False,6.822509523022468,0.0031622776601683794,-47.34732941136497,91.7093807842064,-177.02925091435628
Rastrigin,10,44,92,3,Local-RBF,1,-64265.73134976995,257.504428572783,93.80745197589195,False,False,1.7016323294188243,0.0031622776601683794,364.98259004683536,-64265.731349769936,122.81148620085668
Rastrigin,10,44,93,1,LCB-GPR,2,-5002.412262121943,258.70127378350094,93.80745197589195,False,False,,0.0031622776601683794,,,
Rastrigin,10,44,94,2,Global-RBF,3,-217.15502651496237,192.2445297440897,93.80745197589195,False,False,6.560649161113989,0.0031622776601683794,-91.51561776045693,81.66408106813162,-217.15502651467457
Rastrigin,10,44,95,3,Local-RBF,1,-67592.55216038335,304.4670549855377,93.80745197589195,False,False,1.182021993325831,0.0031622776601683794,364.2973780263559,-67592.55216038336,122.8103052270999
Rastrigin,10,44,96,1,LCB-GPR,2,-11186.19496922609,262.5089896037359,93.80745197589195,False,False,,0.0031622776601683794,,,
Rastrigin,10,44,97,2,Global-RBF,3,-189.62822422644052,238.96299113354692,93.80745197589195,False,False,9.410989206094754,0.0031622776601683794,-17.01144892192022,179.80643063353745,-189.628224225942
Rastrigin,10,44,98,3,Local-RBF,1,-59616.7943153632,262.0973556033588,93.80745197589195,False,False,3.975464808429773,0.0031622776601683794,379.94010937720947,-59616.794315363186,122.81357488644372
Rastrigin,10,44,99,1,LCB-GPR,2,-5559.634658417408,248.33543463937136,93.80745197589195,False,False,,0.0031622776601683794,,,
Rastrigin,10,44,100,2,Global-RBF,3,-140.08338021811372,241.99608762288267,93.80745197589195,False,False,8.783719251032839,0.0031622776601683794,26.653980632708027,235.62608786033505,-140.08338021806404
Rastrigin,10,44,101,3,Local-RBF,1,-439.4906366322838,206.0433159872539,93.80745197589195,False,False,8.99708344891988,0.0031622776601683794,343.90350649394765,-439.49063663228173,127.45834121752932
Rastrigin,10,44,102,1,LCB-GPR,2,-5132.287766206819,290.6353878158955,93.80745197589195,False,False,,0.0031622776601683794,,,
Rastrigin,10,44,103,2,Global-RBF,3,-217.36252419219153,202.4708896356937,93.80745197589195,False,False,8.025491306409378,0.0031622776601683794,-78.52946769529854,125.95424650646707,-217.3625241931876
Rastrigin,10,44,104,3,Local-RBF,1,-439.42193416602595,200.20597807023805,93.80745197589195,False,False,0.6522366977851154,0.0031622776601683794,348.5153469838823,-439.42193416601845,127.22500223684034
Rastrigin,10,44,105,1,LCB-GPR,2,-4662.447231145421,278.43522993509686,93.80745197589195,False,False,,0.0031622776601683794,,,
Rastrigin,10,44,106,2,Global-RBF,3,-147.3509705185818,247.94969381902132,93.80745197589195,False,False,7.991424450790337,0.0031622776601683794,-69.08896711359779,184.80135905123032,-147.35097051882798
Rastrigin,10,44,107,3,Local-RBF,1,-439.7847075132869,229.31654154084256,93.80745197589195,False,False,0.5604282761859081,0.0031622776601683794,346.2762641266379,-439.7847075132852,127.44387014977079
Rastrigin,10,44,108,1,LCB-GPR,2,-4850.923824086481,248.97910163387962,93.80745197589195,False,False,,0.0031622776601683794,,,
Rastrigin,10,44,109,2,Global-RBF,3,-267.09438693003017,281.8422652561534,93.80745197589195,False,False,10.691374985633455,0.0031622776601683794,-103.98473144688913,111.80818812491592,-267.0943869297108
Rastrigin,10,44,110,3,Local-RBF,1,-438.7816679790526,202.60822995545882,93.80745197589195,False,False,0.38652936759438455,0.0031622776601683794,345.3585703230963,-438.7816679790525,127.22740196246389
